TIPO;DESCRIÇÃO;FREQUENCIA;TEMPO
VIRUS;Chikungunya;"5000, 600 145, 600; 267,300 ; 587,300; 142,600";00:40:00
VIRUS;Zika Vírus;"727, 600; 5000,600;213,600; 516,600";00:40:00
VIRUS;chicken pox, shingles  ;"664*, 180 3343, 180; 914,180; 2170,180; 1600,180; 1500,180; 880,180; 802,180; 787,180";00:27:00
VIRUS;Herpes simples;"1141, 600; 1350, 600";00:20:00
;CVM;"126,180
597,180 
1045,180 
2145,180";00:12:00
;Hepatite geral;"28, 180
1550, 180
1351, 180
880, 180
802, 180
727, 180
224, 180
317, 180
329, 180
477, 180
922, 180";00:33:00
;Rhinopneumonltis ;"185,180 
367,180
820,180";00:09:00
;HIV;"683,180 
714,180 
3554,180";00:09:00
;Grippe;"343,180 
500,180 
512,180 
541,180 
862,180 
1000,180 
1192,180 
3012,180 
3423,180 
10223,180";00:30:00
;# Streptococcus virus:;"563,180 
611,180 
727,180
";00:09:00
VIRUS;Epstein Barre virus (EBV);"1484, 600; 1465,600";00:20:00
VIRUS;Prions ;"150, 180; 250, 180; 567.2, 180; 743.2, 180; 951, 180; 960, 180; 970.3, 180; 978.1, 180; 984, 180; 984, 180";00:30:00
VIRUS;HPV - Papilloma virus;"45, 180;   489, 180; 874, 180; 907, 180; 16970, 180; 265, 180; 5657, 180; 3203, 180; 1011, 180; 9258, 180; 3083, 180; 1051, 180; 9609, 180; 466, 180; 110, 180; 767, 180; 404, 180";00:51
VIRUS;Dengue parte 1 ;"464, 180
440, 180
3672, 180
7766, 180
7760, 180
7344, 180
1234, 180
5000, 180
727, 180
787, 180";00:35:00
VIRUS;Dengue parte 2;"800, 180
875, 180
880, 180
885, 180
728, 180
1550, 180
1500, 180
2008, 180
20, 180
728, 180
440, 180
465, 180
613, 180
666, 180";00:40:00
VIRUS;herpes zoster secundário ;"1550, 180
802, 180
1800, 180
1865, 180
728, 180
2720, 180
2128, 180
5000, 180
464, 180
800, 180
574, 180
1557, 180
304, 180
20, 180";00:42:00
VIRUS;Herpes Zoster ;"1557,180 
574,180";00:06:00
VIRUS;dengue ;"464, 180
440, 180
3672, 180
7766, 180
7760, 180
7344, 180
1234, 180
5000, 180
727, 180
787, 180
800, 180
875, 180
880, 180
885, 180
728, 180
1550, 180
1500, 180
2008, 180
20, 180
728, 180
440, 180
465, 180
613, 180
666, 180
727, 180
787, 180
800, 180
1000, 180
5000, 180
10000, 180";01:30:00
VIRUS;Coronavirus 2019, 2020, 2021;"# 2021
1555, 180
3218, 180
569, 180
1447, 180
# 2020
1551,   180
3312,   180
4722,   180
146,    600
147,    180";
VIRUS;Corona Virus - SARS;"142,60
144        ,        60
154        ,        60
278        ,        60
304        ,        60
310        ,        60
322        ,        60
332        ,        60
333        ,        60
442        ,        60
457        ,        60
465        ,        60
468        ,        60
499        ,        60
524        ,        60
540        ,        60
546        ,        60
563        ,        60
574        ,        60
598        ,        60
598        ,        60
611        ,        60
648        ,        60
654        ,        60
689        ,        60
702        ,        60
720        ,        60
728        ,        60
761        ,        60
765        ,        60
768        ,        60
770        ,        60
775        ,        60
776        ,        60
778        ,        60
780        ,        60
786        ,        60
828        ,        60
880        ,        60
920        ,        60
930        ,        60
938        ,        60
942        ,        60
943        ,        60
960        ,        60
962        ,        60
974        ,        60
999        ,        60
1002        ,        60
1049        ,        60
1143        ,        60
1218        ,        60
1240        ,        60
1370        ,        60
1395        ,        60
1408        ,        60
1552        ,        60
1559        ,        60
2435        ,        60
2480        ,        60
3735        ,        60
4870        ,        60
4896        ,        60
4959        ,        60
5061        ,        60
7270        ,        60
8450        ,        60
9563        ,        60
9918        ,        60";01:09:00
VIRUS;HERV-K  retrovírus ;"2489, 180 
465, 180
727, 180
787, 180
880, 180
448, 180
800, 180
10000, 180";
SOLVENTES;Alcoois e Solventes de uso geral;"312, 360
145, 360
566, 360
1287, 360
432, 360";00:30:00
PARASITAS;Ancylostoma duodenale male;5000, 600;00:10:00
PARASITAS;Ancylostoma braziliense (adult)1566, 600;;00:10:00
PARASITAS;Ascaris lumbricoides (m and f);1594, 600;00:10:00
PARASITAS;Ascaris larvae in lung common roundworm of cats and dogs;1594, 600;00:10:00
PARASITAS;Ascaris ;"152, 180
442, 180
8146, 180
751, 180
1146, 180
797, 180";00:00:18
PARASITAS;Candida albicans;"1508, 600
488, 600";00:10:00
PARASITAS;Candida Albicans ;414,18;00:03:00
PARASITAS;Chlamydia trachomatis;1488, 600;00:10:00
PARASITAS; trophozoites and cysts;"1547, 600
1687, 600";00:20:00
PARASITAS;Entamoeba coli trophozoites1555, 600;;00:10:00
PARASITAS;Entamoeba coli cysts;5000, 600;00:10:00
PARASITAS;Entamoeba histolytica trophozoite;1504, 600;00:10:00
PARASITAS;Enterobius vermicularis;1652, 600;00:10:00
PARASITAS;Enterococcus gallinarum;"686, 600
409, 180
454, 180
5000, 180";00:18:00
PARASITAS;Gardnerella vaginalis ;1328, 600;00:10:00
PARASITAS;Giardia lamblia (trophozoites;1656, 600;00:10:00
PARASITAS;Giardia;"334, 180
4334, 180
5429, 180
829, 180
812, 180
2018, 180
407, 180";00:21:00
PARASITAS;Giardia lamblia cysts;5000, 600;00:10:00
PARASITAS;Helicobacter Pylori;"676, 180
704.9, 180
694.7, 180
# 1
2167, 180
728, 180
880, 180
2950, 180
# exp
694.7, 180
2778.8, 180
704.9, 180
2819.4, 180";00:33:00
PARASITAS;Leishmania braziliensis;1574, 600;00:10:00
PARASITAS;Malassezia Furfur;"222, 180
225, 180
491, 180
616, 180
700, 180";00:15:00
PARASITAS;Rotavirus;"665, 300
666, 300
667, 300
776, 300
787, 300
802, 300
1550, 300
832, 300
840, 300
880, 300
1570, 300
1998, 300
2008, 300
2052, 300
2127.5, 300
2489, 300
2490, 300
5000, 300";
PARASITAS;schistosoma_mansoni;"329, 180
9889, 180";00:06:00
;Micoplasma;"# exp
2900, 180
864, 180
790, 180
690, 180
610, 180
484, 180
986, 180
644, 180
254, 180";00:27:00
PARASITAS;Schistosoma mansoni;1379, 600;00:10:00
PARASITAS;strongyloides ;"332, 180
422, 180
721, 180
732, 180
749, 180
942, 180
3212, 180
4412, 180";00:24:00
PARASITAS;strongyloides_secondary;"380, 180
698, 180
752, 180
776, 180
722, 180
738, 180
746, 180
1113, 180";00:24:00
;Plasmodim falciparum;1457, 600;00:10:00
PARASITAS; Taenia;187,18;00:03:00
PARASITAS;Toxoplasma (human strain);1543, 600;00:10:00
PARASITAS;Trichuris sp. (male;1586, 600;00:10:00
PARASITAS;Trichomonas vaginalis;1488, 600;00:10:00
PARASITAS;Trichophyton  mentagrophytes;311,18;00:03:00
PARASITAS;Trichophyton  rubrum: ;"752,180 
923,180";00:06:00
PARASITAS;Trypanosoma cruzi;1808, 600;00:10:00
PARASITA H.C;Clostridium acetobutylicum;"1519, 600
1500, 600";00:20:00
PARASITA H.C;Clostridium botulinum ;1414, 600;00:10:00
PARASITA H.C;Clostridium perfringens;5000, 600;00:10:00
PARASITA H.C;Clostridium perfringens spores;1547, 600;00:10:00
PARASITA H.C;Clostridium septicum;1422, 600;00:10:00
PARASITA H.C;Clostridium sporogenes;5000, 600;00:10:00
PARASITA H.C;Clostridium tetani ;5000, 600;00:10:00
PARASITA H.C;Fasciola hepatica;1660, 600;00:10:00
PARASITA H.C;Fasciola hepatica cercariae;1668, 600;00:10:00
PARASITA H.C;Fasciola hepatica eggs;1660, 600;00:10:00
PARASITA H.C;Ascaris lumbricoides (m and f);1594, 600;00:10:00
PARASITA H.C;Ascaris megalocephala (male);1594, 600;00:10:00
PARASITA H.C;Bacteroides fragilis found with common roundworm Ascaris;1426, 600;00:10:00
PARASITA H.C;Campylobacter pyloridis;1387, 600;00:10:00
PARASITA H.C;Campylobacter fetus smear;1437, 600;00:10:00
PARASITA H.C;Ancylostoma caninum;"1562, 600
1535, 600
1508, 600";00:30:00
PARASITA H.C;Trichinella spiralis (muscle);1580, 600;00:10:00
PARASITA H.C;Salmonella enteriditis intestinal infection;1285, 600;00:10:00
PARASITA H.C;Salmonella paratyphi;"1437, 600
1504, 600";00:20:00
PARASITA H.C;Salmonella typhimurium ;"1387, 600
1508, 600
1523, 600";00:30:00
PARASITA H.C;Shigella ;"1523, 600
348, 600";00:20:00
PARASITA H.C;Shigella flexneri ;1539, 600;00:10:00
PARASITA H.C;Shigella sonnei ;1242, 600;00:10:00
PARASITA H.C;Staphylococcus aureus (culture);5000, 600;00:10:00
;Streptococcus family;"1266, 180
880, 180
848, 180
787, 180
784, 180
727, 180
875, 180
885, 180
2000, 180";00:27:00
PARASITA H.C;Streptococcus lactis ;1504, 600;00:10:00
PARASITA H.C;Streptococcus mitis ;1242, 600;00:10:00
PARASITA H.C;Streptococcus pneumoniae ;1437, 600;00:10:00
PARASITA H.C;Streptococcus sp. group G;1437, 600;00:10:00
PARASITA H.C;Escherichia coli (E. coli) intestinal ;"1391, 600
1535, 600";00:20:00
PARASITA H.C;Fasciolopsis buskii adult;1695, 600;00:10:00
PARASITAS;Epidermophyton floccinum;"20
727
787
880
5000
644
766
464
802
1552
9999
3176
304
";00:05:00
;"Fasciolopsis buskii eggs unincubated
";5000, 600;00:10:00
PARASITA H.C;Fasciolopsis rediae;1687, 600;00:10:00
PARASITA H.C;Eurytrema pancreaticum;1644, 600;00:10:00
PARASITA H.C;Eurytrema pancreaticum stages;5000, 600;00:10:00
;Neisseria gonorrhea;1305,6;00:10:00
PARASITA H.C;Enterobius vermicularis;1652, 600;00:10:00
;Clonorchis sinensis;1668, 600;00:10:00
;Gardnerella vaginalis ;1328,6;00:10:00
PARASITA;Candida Glabrata;"3176, 600
2642, 600
1403, 600";00:30:00
;Microsporum canis;1644,18;00:03
;Ancylostoma duodenale male;5000, 600;00:10
;Histoplasma capsulatum;1180, 600;00:10
;Staphylococcus aureus (culture);"424,180 
727,180 
786,180 
943,180 
1050,180";00:15
PARASITAS;Balatidium coli;5000, 600;00:10
PARASITA;Rickettsia - Bactéria;"547, 600
356, 600
523, 600
1357, 600
607, 600
129, 600
632, 600
943, 600
1062, 600
549, 600
720, 600
726, 600
521, 600
2085, 600
4170, 600
";
ORGÃO;Pulomes- Regulador energético;"9, 180
3672, 180
318, 180
307.9, 180
568, 180";00:15:00
METAIS;Ag(Prata);"830, 360
913, 360
3269, 360";00:18:00
METAIS;Al (Aluminio);"688, 360
757, 360
3946, 360";00:18:00
METAIS;As(Arsênico);"1408, 360	
1548, 360
1875, 360";00:18:00
METAIS;Au(Ouro);"1123, 360
1235, 360
2420, 360";00:18:00
METAIS;B(Boro;"2492, 360
1092, 360
1200, 360";00:18:00
METAIS;Ba(Bário);"493, 120	
542, 120
2283, 120";00:06:00
METAIS;Be(Berilio;"1161, 360
1276, 360
2257, 360";00:18:00
METAIS;Bi(Bismuto);"2148, 360
1222, 360
1344, 360";00:18:00
METAIS;Ca(Calcio);"645, 360
709, 360";00:12:00
METAIS;Cd (Cádmio;"1192, 360
1310, 360
2284, 360";00:18:00
METAIS;Cs(Cesio);"8475, 360
305, 360
335, 360
320, 360
352, 360";00:30:00
METAIS;Co(Cobalto);"1133, 360
1246, 360";00:12:00
METAIS;Cr(Cromo);"762, 360
838, 360";00:12:00
METAIS;Cu(Cobre);"839, 360
923, 360";00:12:00
METAIS;Dy(Dysprasio);"647, 360
712, 360";00:12:00
METAIS;Sn(Estanho);"2263, 360
1158, 360
1273, 360";00:18:00
METAIS;Er(Erlio);"680, 360
748, 360";00:12:00
METAIS;Eu(Europio;"594, 360
653, 360";00:12:00
METAIS;F(Fluor);0832, 360;00:06:00
METAIS;Fe(Ferro);"2475, 360
1098, 360	
1207, 360";00:18:00
METAIS;Gd(Gadolinio);"668, 360
735, 360";00:12:00
METAIS;Ge(Germanio);"1028, 360
1130, 360";00:12:00
METAIS;Hf(Hafnio);"887, 360
976, 360";00:12:00
METAIS;"Hg (Mercúrio)	";"1075, 360	
1182, 360
2430, 360";00:18:00
METAIS;Ho(Holmio);"664, 360
731, 360";00:12:00
METAIS;In(Indio);"897, 360
987, 360";00:12:00
METAIS;Ir(Iridio;"2083, 360
1305, 360
1435, 360";00:18:00
METAIS;K(Potassio);"356, 360
391, 360";00:12:00
METAIS;La(Lantalio);"496, 360
545, 360";00:12:00
METAIS;Li(Litio;"406, 360
447, 360";00:12:00
METAIS;Lu(Lutecio);"812, 360
892, 360";00:12:00
METAIS;Mg(Magnesio);"956, 360
1051, 360";00:12:00
METAIS;Mn(Manganes);"976, 120
1073, 120";00:12:00
METAIS;Mo(Molibidenio);"3125, 360
870, 360
957, 360";00:18:00
METAIS;Na(Sodio);"463, 360
509, 360";00:12:00
METAIS;Nb(Niobio);"814, 360
895, 360";00:12:00
METAIS;Nd(Neodinio;"588, 360
647, 360";00:12:00
METAIS;Ni(Niquel);"2233, 360
1175, 360
1292, 360";00:18:00
METAIS;Os(Osmio);"2893, 360
937, 360
1031, 360";00:18:00
METAIS;Pb (Chumbo);"1257, 360
1382, 360
2092, 360";00:18:00
METAIS;Pd(Paladio);"2444, 360
1114, 360
1225, 360";00:18:00
METAIS;Pr(Praseoclimio;"551, 360
606, 360";00:12:00
METAIS;Pt(Platina);"2649, 360
1025, 360
1127, 360";00:18:00
METAIS;Rb(Rubidio);"6867, 360
343, 360
377, 360
350, 360
384, 360";00:30:00
METAIS;Re(Renio);"788, 360
866, 360";00:12:00
METAIS;Rh(Rodio);"794, 360
873, 360";00:12:00
METAIS;Ru(Rutenio;"779, 360
857, 360";00:12:00
METAIS;Sb(Antimônio);"1253, 360
1378, 360
2095, 360";00:18:00
METAIS;Sc(Escandio);"697, 360
766, 360";00:12:00
METAIS;Se(Selenio);"1391, 360
1530, 360";00:12:00
METAIS;Silicio;"423, 1200 
456, 1200";00:40:00
METAIS;Sr(Estroncio);"4587, 360
592, 360
651, 360";00:18:00
METAIS;Tl(Tálio);"985, 360
1083, 360";00:12:00
METAIS;Ta(Tantalio);"1004, 360
1104, 360";00:12:00
METAIS;Tb(Terbio);"630, 360
693, 360";00:12:00
METAIS;Te(Telurio);"1272, 360
1399, 360";00:12:00
METAIS;Th(Torio);3650, 360;00:06:00
METAIS;Ti(Titânio;"556, 360	
612, 360
3633, 360
748, 360
823, 360";00:30:00
METAIS;Tu(Tulio);"733, 360
806, 360";00:12:00
METAIS;U(Urânio);"464, 360
510, 360
3606, 360
761, 360
836, 360";00:30:00
METAIS;V(Vanadio;"3125, 360
856, 360
941, 360";00:18:00
METAIS;W(Tungstenio;"1069, 360
1175, 360";00:12:00
METAIS;Y(Itrio);"665, 360
731, 360";00:12:00
METAIS;Yb(Itérbio;"684, 360
752, 360";00:12:00
METAIS;Zn(Zinco);"1275, 360
1402, 360";00:12:00
METAIS;Desintoxicação de amianto ou Asbesto;"563, 600
1342, 600
972, 600
212, 600";00:40:00
METAIS;Desintoxicação de amianto ou Asbesto;"563, 600
1342, 600
972, 600
212, 600";00:40:00
Fungos e Mofos;Fungos e Mofos;"555, 540
942, 540
337, 540
766, 540
1823, 540";00:45:00
EMOCIONAL;Liberacao de culpas e medos;"396, 600
432, 600
396, 600
528, 600
324, 300";00:45:00
EMOCIONAL;Bloqueios emocionais;"10, 225
7.83, 225
6000, 225
800, 225
3485, 1800";00:45:00
DOENÇAS;lebite;"0,05
0,37
0,87
2,25
33,50
75,85
105,83
275,54
475,35
857,77";00:08:58
DOENÇAS;Flebite (inflamação das veias)(;1500, 776;00:12:56
DOENÇAS;Linfadenite;"0,12
0,24
0,93
7,50
25,54
35,67
87,50
93,50
215,70
533,69";00:08:59
DOENÇAS;Linfangioleiomiomatose;"0,12
0,18
0,93
7,50
30,00
35,23
87,50
93,50
219,34
496,01";00:05:31
DOENÇAS;linfangioma;"0,12
0,35
0,93
7,50
27,50
35,67
87,50
93,50
223,01
515,70";00:07:58
DOENÇAS;linfáticos ;"0,14
0,35
0,93
11,95
25,54
35,67
87,50
93,50
234,25
527,81";00:09:24
DOENÇAS;linfedema;"0,12
0,35
0,93
7,50
17,50
35,00
87,50
93,50
224,94
497,61";00:08:15
DOENÇAS;Lymphangitis;"6.3, 180
148, 180
522, 180
146, 180
444, 180
440, 180
880, 180
787, 180
727, 180
10000, 180
2.5, 180
465, 180
10, 180";
DOENÇAS;Peripheral Vascular Diseases;"0,07
0,22
0,73
75,25
117,22
237,02
451,90
561,51
698,10
812,77";
DOENÇAS;Parkinson_tremor_alivio_temporario;"130, 180
169, 180";00:10:00
DETOX;oxido de grafeno;"1212, 180
2020, 180
2610, 180
3793, 180
5398, 180
6114, 180
7299, 180
8838, 180
9584, 180
10560, 180
11286, 180
13688, 180
14328, 180
15073, 180
15723, 180
16669, 180
17438, 180
18122, 180
19226, 180";
DETOX;Prot S vacina;"1004.5, 180
1420.5, 180
2160, 180
2703, 180
3702, 180
4458, 180
5002, 180
5780.5, 180
6295, 180
6818.5, 180
7337, 180
7715.5, 180
8519, 180
9048, 180
9607, 180
9965, 180
10439, 180";
;"# CMV, known as salivary gland virus or human herpes type 5
126, 180
597, 180
682, 180
1045, 180
2145, 180";;
;"# cytomegalovirus known as salivary gland virus or human herpes type 5
126, 180    tempo 24 min
597, 180
629, 180
682, 180
1045, 180
2145, 180
8848, 180
8856, 180";;
;"# CMV (cytomegalovirus known as salivary gland virus or 
# human herpes type 5): 
# Usar em modo positivo
# Tempo: 12 minutos
126,180
597,180 
1045,180 
2145,180
";;
;Normalizar calcio;328,6;00:10
;Uretrite;"2720, 180
2170, 180
2127, 180
1800, 180
1600, 180
1550, 180
802, 180
1500, 180
880, 180
832, 180
787, 180
776, 180
727, 180
650, 180
625, 180
600, 180
465, 180
444, 180
1865, 180
125, 180
95, 180
72, 180
1.2, 180
";01:09
;Normaliza a producao de estrogeno: homem e mulher;1351, 600;00:10
;Probelma de estômago e coli e parasitas;"2127, 180
2008, 180
880, 180
784, 180
727, 180
690, 180
676, 180
664, 180
125, 180
95, 180
72, 180
20, 180
3.9, 180
450, 180
802, 180
1552, 180
832, 180
422, 180
";
"# Bloqueios emocionais
# Modo: Positivo
# Tempo: 45
10, 225
7.83, 225
6000, 225
800, 225
3485, 1800";"# Redução de Estresse
# Modo: Positivo
# Tempo: 45 minutos
7.83, 540
720, 540
1550, 540
20, 540
4200, 540";"# Relaxamento e estimulação de funções mentais
# Modo: Positivo
# Tempo: 45 minutos
720, 540
1550, 540
324, 540
528, 540
15, 540";
"# Saúde dos orgãos
# Modo: Positivo
# Tempo: 45 minutos
528, 1350
324, 1350";"melhorar sono e convivio social (melatonina 5 HTP Ocitocina Litio)

# Melatonina 5 HTP Ocitocina e Lítio
# Modo: Positivo
# Tempo: 30 min
323, 300
711, 300
529, 600
3542, 600";"Relaxamento e Calmante


#Tempo: 03 minutos
6000, 180";
"Funçoes mentais - reguladores energeticos

# Programa para Estimulacao - Usar em offset Positivo
# Estimula as Funcoes Mentais 
# 10 minutos
35, 600";"regulador conjugado
Energia e vitalidade

#tempo: 03 minutos
9999, 180";"regulador conjugado
Bem estar

#tempo: 14 minutos
720, 180
1550, 180
20, 180
4200, 5 min";
"regulador conjugado
Harmonizer

#tempo: 60 minutos (1hora)
# Programa para Harmonização
# Magic Tree Mickies Magic Three
324, 600
528, 600
15, 600 
# Produção e Normalização HGH [Pituitaria]
1725, 180
645, 180
1342, 180
# Normalização do sistema Imunológico
835, 180
# Integridade de DNA
528, 180 
# Integridade de RNA
637, 180 
# Redução de dor
326, 180
# Normaliza função Pancreática
654, 180 
# Normaliza função hepática
751, 180
# Melhora Circulação Sanguínea
17, 180";"padroes energeticos desarmonicos
demais padores

problema mental
#tempo: 33 minutos
# general aid; especially if toxins are the cause
522, 180
146, 180
10000, 180
125, 180
95, 180
72, 180
20, 180
4.9, 180
428, 180
550, 180
802, 180";"Alzheimer
0, 11,
 7.50,
 67.50,
 92.50,
 377.91,
 453.72
 515,16,
 688,29,
 712,00, 
995,38,";
;;;
;;;
;;;
;;;
;;;
;;;
;;;
;;;
;;;
;;;
;;;
;;;
;;;
;;;
;;;
;;;
;;;
;;;
;;;
;;;
;;;
;;;
;;;
;;;
;;;
;;;
;;;
;;;
;;;
;;;
;;;
;;;
;;;
;;;
;;;
;;;
;;;
;;;
;;;
;;;
;;;
;;;
;;;
;;;
;;;
;;;
;;;
;;;
;;;
;;;
;;;
;;;
;;;
;;;
;;;
;;;
;;;
;;;
;;;
;;;
;;;
;;;
;;;
;;;
;;;
;;;
;;;
;;;
;;;
;;;
;;;
;;;
;;;
;;;
;;;
;;;
;;;
;;;
;;;
;;;
;;;
;;;
;;;
;;;
;;;
;;;
;;;
;;;
;;;
;;;
;;;
;;;
;;;
;;;
;;;
;;;
;;;
;;;
;;;
;;;
;;;
;;;
;;;
;;;
;;;
;;;
;;;
;;;
;;;
;;;
;;;
;;;
;;;
;;;
;;;
;;;
;;;
;;;
;;;
;;;
;;;
;;;
;;;
;;;
;;;
;;;
;;;
;;;
;;;
;;;
;;;
;;;
;;;
;;;
;;;
;;;
;;;
;;;
;;;
;;;
;;;
;;;
;;;
;;;
;;;
;;;
;;;
;;;
;;;
;;;
;;;
;;;
;;;
;;;
;;;
;;;
;;;
;;;
;;;
;;;
;;;
;;;
;;;
;;;
;;;
;;;
;;;
;;;
;;;
;;;
;;;
;;;
;;;
;;;
;;;
;;;
;;;
;;;
;;;
;;;
;;;
;;;
;;;
;;;
;;;
;;;
;;;
;;;
;;;
;;;
;;;
;;;
;;;
;;;
;;;
;;;
;;;
;;;
;;;
;;;
;;;
;;;
;;;
;;;
;;;
;;;
;;;
;;;
;;;
;;;
;;;
;;;
;;;
;;;
;;;
;;;
;;;
;;;
;;;
;;;
;;;
;;;
;;;
;;;
;;;
;;;
;;;
;;;
;;;
;;;
;;;
;;;
;;;
;;;
;;;
;;;
;;;
;;;
;;;
;;;
;;;
;;;
;;;
;;;
;;;
;;;
;;;
;;;
;;;
;;;
;;;
;;;
;;;
;;;
;;;
;;;
;;;
;;;
;;;
;;;
;;;
;;;
;;;
;;;
;;;
;;;
;;;
;;;
;;;
;;;
;;;
;;;
;;;
;;;
;;;
;;;
;;;
;;;
;;;
;;;
;;;
;;;
;;;
;;;
;;;
;;;
;;;
;;;
;;;
;;;
;;;
;;;
;;;
;;;
;;;
;;;
;;;
;;;
;;;
;;;
;;;
;;;
;;;
;;;
;;;
;;;
;;;
;;;
;;;
;;;
;;;
;;;
;;;
;;;
;;;
;;;
;;;
;;;
;;;
;;;
;;;
;;;
;;;
;;;
;;;
;;;
;;;
;;;
;;;
;;;
;;;
;;;
;;;
;;;
;;;
;;;
;;;
;;;
;;;
;;;
;;;
;;;
;;;
;;;
;;;
;;;
;;;
;;;
;;;
;;;
;;;
;;;
;;;
;;;
;;;
;;;
;;;
;;;
;;;
;;;
;;;
;;;
;;;
;;;
;;;
;;;
;;;
;;;
;;;
;;;
;;;
;;;
;;;
;;;
;;;
;;;
;;;
;;;
;;;
;;;
;;;
;;;
;;;
;;;
;;;
;;;
;;;
;;;
;;;
;;;
;;;
;;;
;;;
;;;
;;;
;;;
;;;
;;;
;;;
;;;
;;;
;;;
;;;
;;;
;;;
;;;
;;;
;;;
;;;
;;;
;;;
;;;
;;;
;;;
;;;
;;;
;;;
;;;
;;;
;;;
;;;
;;;
;;;
;;;
;;;
;;;
;;;
;;;
;;;
;;;
;;;
;;;
;;;
;;;
;;;
;;;
;;;
;;;
;;;
;;;
;;;
;;;
;;;
;;;
;;;
;;;
;;;
;;;
;;;
;;;
;;;
;;;
;;;
;;;
;;;
;;;
;;;
;;;
;;;
;;;
;;;
;;;
;;;
;;;
;;;
;;;
;;;
;;;
;;;
;;;
;;;
;;;
;;;
;;;
;;;
;;;
;;;
;;;
;;;
;;;
;;;
;;;
;;;
;;;
;;;
;;;
;;;
;;;
;;;
;;;
;;;
;;;
;;;
;;;
;;;
;;;
;;;
;;;
;;;
;;;
;;;
;;;
;;;
;;;
;;;
;;;
;;;
;;;
;;;
;;;
;;;
;;;
;;;
;;;
;;;
;;;
;;;
;;;
;;;
;;;
;;;
;;;
;;;
;;;
;;;
;;;
;;;
;;;
;;;
;;;
;;;
;;;
;;;
;;;
;;;
;;;
;;;
;;;
;;;
;;;
;;;
;;;
;;;
;;;
;;;
;;;
;;;
;;;
;;;
;;;
;;;
;;;
;;;
;;;
;;;
;;;
;;;
;;;
;;;
;;;
;;;
;;;
;;;
;;;
;;;
;;;
;;;
;;;
;;;
;;;
;;;
;;;
;;;
;;;
;;;
;;;
;;;
;;;
;;;
;;;
;;;
;;;
;;;
;;;
;;;
;;;
;;;
;;;
;;;
;;;
;;;
;;;
;;;
;;;
;;;
;;;
;;;
;;;
;;;
;;;
;;;
;;;
;;;
;;;
;;;
;;;
;;;
;;;
;;;
;;;
;;;
;;;
;;;
;;;
;;;
;;;
;;;
;;;
;;;
;;;
;;;
;;;
;;;
;;;
;;;
;;;
;;;
;;;
;;;
;;;
;;;
;;;
;;;
;;;
;;;
;;;
;;;
;;;
;;;
;;;
;;;
;;;
;;;
;;;
;;;
;;;
;;;
;;;
;;;
;;;
;;;
;;;
;;;
;;;
;;;
;;;
;;;
;;;
;;;
;;;
;;;
;;;
;;;
;;;
;;;
;;;
;;;
;;;
;;;
;;;
;;;
;;;
;;;
;;;
;;;
;;;
;;;
;;;
;;;
;;;
;;;
;;;
;;;
;;;
;;;
;;;
;;;
;;;
;;;
;;;
;;;
;;;
;;;
;;;
;;;
;;;
;;;
;;;
;;;
;;;
;;;
;;;
;;;
;;;
;;;
;;;
;;;
;;;
;;;
;;;
;;;
;;;
;;;
;;;
;;;
;;;
;;;
;;;
;;;
;;;
;;;
;;;
;;;
;;;
;;;
;;;
;;;
;;;
;;;
;;;
;;;
;;;
;;;
;;;
;;;
;;;
;;;
;;;
;;;
;;;
;;;
;;;
;;;
;;;
;;;
;;;
;;;
;;;
;;;
;;;
;;;
;;;
;;;
;;;
;;;
;;;
;;;
;;;
;;;
;;;
;;;
;;;
;;;
;;;
;;;
;;;
;;;
;;;
;;;
;;;
;;;
;;;
;;;
;;;
;;;
;;;
;;;
;;;
;;;
;;;
;;;
;;;
;;;
;;;
;;;
;;;
;;;
;;;
;;;
;;;
;;;
;;;
;;;
;;;
;;;
;;;
;;;
;;;
;;;
;;;
;;;
;;;
;;;
;;;
;;;
;;;
;;;
;;;
;;;
;;;
;;;
;;;
;;;
;;;
;;;
;;;
;;;
;;;
;;;
;;;
