Microrganismo,Frequência (Hz),Tempo (s),Data de alteração
Adenovírus,333,180,
Adenovírus,523,180,
Adenovírus,666,180,
Adenovírus,786,180,
Adenovírus,768,180,
Adenovírus,959,180,
Adenovírus,962,180,
Adenovírus,10000,180,
Adenovírus,7767,180,
Adenovírus,7762,180,
Adenovírus,7702,180,
Adenovírus,7009,180,
Adenovírus,7001,180,
Adenovírus,6989,180,
Adenovírus,5000,180,
Adenovírus,4868,180,
Adenovírus,2720,180,
Adenovírus,2050,180,
Adenovírus,1500,180,
Adenovírus,1395,180,
Adenovírus,1062,180,
Adenovírus,1060,180,
Adenovírus,1034,180,
Adenovírus,1009,180,
Adenovírus,969,180,
Adenovírus,968,180,
Adenovírus,962,180,
Adenovírus,959,180,
Adenovírus,960,180,
Adenovírus,952,180,
Adenovírus,951,180,
Adenovírus,942,180,
Adenovírus,880,180,
Adenovírus,1550,180,
Adenovírus,802,180,
Adenovírus,787,180,
Adenovírus,768,180,
Adenovírus,728,180,
Adenovírus,690,180,
Adenovírus,660,180,
Adenovírus,555,180,
Adenovírus,523,180,
Adenovírus,522,180,
Adenovírus,1865,180,
Adenovírus,444,180,
Adenovírus,333,180,
Adenovírus,300,180,
Adenovírus,180,180,
Adenovírus,160,180,
Adenovírus,125,180,
Adenovírus,95,180,
Adenovírus,72,180,
Adenovírus,60,180,
Adenovírus,48,180,
Adenovírus,26,180,
Adenovírus,20,180,
Adenovírus,28729.05,180,
Adenovírus,16628.88,180,
Adenovírus,18471,180,
Adenovírus,18670.15,180,
Adenovírus,19566.32,180,
Adenovírus,1407.93,180,
Adenovírus,827.9,180,
Adenovírus,919.62,180,
Adenovírus,929.53,180,
Adenovírus,974.15,180,
Adenovírus,7849,180,
Adenovírus,7847,180,
Adenovírus,1730,180,
Adenovírus,1722,180,
Adenovírus,1552,180,
Adenovírus,1550,180,
Adenovírus,1320,180,
Adenovírus,1244,180,
Adenovírus,1000,180,
Adenovírus,957,180,
Adenovírus,934,180,
Adenovírus,856,180,
Adenovírus,840,180,
Adenovírus,832,180,
Adenovírus,804,180,
Adenovírus,802,180,
Adenovírus,800,180,
Adenovírus,799,180,
Adenovírus,776,180,
Adenovírus,642,180,
Adenovírus,634,180,
Adenovírus,556,180,
Adenovírus,548,180,
Adenovírus,413,180,
Adenovírus,333,180,
Adenovírus,330,180,
Adenovírus,327,180,
Adenovírus,289,180,
Adenovírus,282,180,
Adenovírus,10000,180,
Adenovírus,7344,180,
Adenovírus,4412,180,
Adenovírus,3176,180,
Adenovírus,2489,180,
Ancylostoma duodenale,5000,600,
Ascaris lumbricoides,1594,600,
Candida Glabrata,3176,600,
Candida Glabrata,2642,600,
Candida Glabrata,1403,600,
Candida Glabrata,3176,600,
Candida Glabrata,2642,600,
Candida Glabrata,1403,600,
Candida Krusei,3176,180,
Candida Krusei,2644,180,
Candida Krusei,1403,180,
Candida Krusei,1151,180,
Candida Krusei,943,180,
Candida Krusei,886,180,
Candida Krusei,877,180,
Candida Krusei,866,180,
Candida Krusei,762,180,
Candida Krusei,742,180,
Candida Krusei,661,180,
Candida Krusei,465,180,
Candida Krusei,464,180,
Candida Krusei,450,180,
Candida Krusei,414,180,
Candida Krusei,412,180,
Candida Krusei,386,180,
Candida Krusei,381,180,
Candida Krusei,254.2,180,
Candida Krusei,120,180,
Candida Krusei,95,180,
Candida Krusei,64,180,
Candida Krusei,20,180,
Candida Krusei,880,180,
Candida Krusei,95,180,
Candida Krusei,125,180,
Candida Krusei,20,180,
Candida Krusei,60,180,
Candida Krusei,225,180,
Candida Krusei,427,180,
Candida Krusei,240,180,
Candida Krusei,650,180,
Candida Krusei,688,180,
Candida Krusei,152,180,
Candida Krusei,442,180,
Candida Krusei,8146,180,
Candida Krusei,751,180,
Candida Krusei,1146,180,
Candida Krusei,1403,180,
Candida Krusei,675,180,
Candida Krusei,709,180,
Candida Krusei,10000,180,
Candida Krusei,5000,180,
Candida Krusei,3176,180,
Candida Krusei,2489,180,
Candida Krusei,1395,180,
Candida Krusei,1276,180,
Candida Krusei,1160,180,
Candida Krusei,1044,180,
Candida Krusei,928,180,
Candida Krusei,877,180,
Candida Krusei,812,180,
Candida Krusei,728,180,
Candida Krusei,696,180,
Candida Krusei,580,180,
Candida Krusei,465,180,
Candida Krusei,464,180,
Candida Krusei,381,180,
Candida Krusei,348,180,
Candida Krusei,232,180,
Candida Krusei,116,180,
Candida Krusei,58,180,
Candida Krusei,20,180,
Candida Krusei,1403,180,
Candida Krusei,675,180,
Candida Krusei,709,180,
Candida Krusei,2167,180,
Candida Krusei,2128,180,
Candida Krusei,2182,180,
Candida Krusei,465,180,
Candida Krusei,20,180,
Candida Krusei,60,180,
Candida Krusei,95,180,
Candida Krusei,125,180,
Candida Krusei,225,180,
Candida Krusei,427,180,
Candida Krusei,464,180,
Candida Krusei,727,180,
Candida Krusei,19217,180,
Candida Krusei,81,180,
Candida Krusei,956,180,
Candida Krusei,80,180,
Candida Krusei,2167,180,
Candida Krusei,2128,180,
Candida Krusei,2182,180,
Candida Krusei,465,180,
Candida Krusei,72,180,
Candida Krusei,422,180,
Candida Krusei,582,180,
Candida Krusei,727,180,
Candida Krusei,787,180,
Candida Krusei,802,180,
Candida Krusei,1016,180,
Candida Krusei,1134,180,
Candida Krusei,1153,180,
Candida Krusei,1550,180,
Candida Krusei,2222,180,
Candida Krusei,412,180,
Candida Krusei,543,180,
Candida Krusei,2128,180,
Clostridium perfringens,5000,600,
Cryptococcus neoformans,367,180,
Cryptococcus neoformans,428,180,
Cryptococcus neoformans,444,180,
Cryptococcus neoformans,476,180,
Cryptococcus neoformans,478,180,
Cryptococcus neoformans,522,180,
Cryptococcus neoformans,579,180,
Cryptococcus neoformans,594,180,
Cryptococcus neoformans,785,180,
Cryptococcus neoformans,792,180,
Cryptococcus neoformans,872,180,
Cryptococcus neoformans,2121,180,
Cryptococcus neoformans,5880,180,
Cryptococcus neoformans,5884,180,
Cryptococcus neoformans,597,180,
Cryptococcus neoformans,613,180,
Cryptococcus neoformans,624,180,
Enterobius vermicularis,1652,600,
Escherichia coli,7849,180,
Escherichia coli,7847,180,
Escherichia coli,1730,180,
Escherichia coli,1722,180,
Escherichia coli,1552,180,
Escherichia coli,1550,180,
Escherichia coli,1320,180,
Escherichia coli,1244,180,
Escherichia coli,1000,180,
Escherichia coli,957,180,
Escherichia coli,934,180,
Escherichia coli,856,180,
Escherichia coli,840,180,
Escherichia coli,832,180,
Escherichia coli,804,180,
Escherichia coli,802,180,
Escherichia coli,800,180,
Escherichia coli,799,180,
Escherichia coli,776,180,
Escherichia coli,642,180,
Escherichia coli,634,180,
Escherichia coli,556,180,
Escherichia coli,548,180,
Escherichia coli,413,180,
Escherichia coli,333,180,
Escherichia coli,330,180,
Escherichia coli,327,180,
Escherichia coli,289,180,
Escherichia coli,282,180,
Herpes simplex,1141,600,
Herpes simplex,1350,600,
Klebsiella pneumoniae,7660,180,
Klebsiella pneumoniae,7344,180,
Klebsiella pneumoniae,5000,180,
Klebsiella pneumoniae,3702,180,
Klebsiella pneumoniae,3672,180,
Klebsiella pneumoniae,2688,180,
Klebsiella pneumoniae,1862,180,
Klebsiella pneumoniae,1550,180,
Klebsiella pneumoniae,1238,180,
Klebsiella pneumoniae,1234,180,
Klebsiella pneumoniae,1200,180,
Klebsiella pneumoniae,975,180,
Klebsiella pneumoniae,880,180,
Klebsiella pneumoniae,802,180,
Klebsiella pneumoniae,787,180,
Klebsiella pneumoniae,780,180,
Klebsiella pneumoniae,778,180,
Klebsiella pneumoniae,776,180,
Klebsiella pneumoniae,774,180,
Klebsiella pneumoniae,772,180,
Klebsiella pneumoniae,770,180,
Klebsiella pneumoniae,768,180,
Klebsiella pneumoniae,766,180,
Klebsiella pneumoniae,727,180,
Klebsiella pneumoniae,688,180,
Klebsiella pneumoniae,683,180,
Klebsiella pneumoniae,660,180,
Klebsiella pneumoniae,450,180,
Klebsiella pneumoniae,412,180,
Klebsiella pneumoniae,352,180,
Klebsiella pneumoniae,20,180,
Klebsiella pneumoniae,840,180,
Klebsiella pneumoniae,818,180,
Klebsiella pneumoniae,783,180,
Klebsiella pneumoniae,779,180,
Klebsiella pneumoniae,776,180,
Klebsiella pneumoniae,766,180,
Klebsiella pneumoniae,765,180,
Klebsiella pneumoniae,746,180,
Klebsiella pneumoniae,413,180,
Klebsiella pneumoniae,412,180,
Klebsiella pneumoniae,19964,180,
Klebsiella pneumoniae,61,180,
Klebsiella pneumoniae,20860,180,
Klebsiella pneumoniae,78,180,
Klebsiella pneumoniae,1038,180,
Klebsiella pneumoniae,60,180,
Klebsiella pneumoniae,993,180,
Klebsiella pneumoniae,98,180,
Klebsiella pneumoniae,217,180,
Klebsiella pneumoniae,220,180,
Klebsiella pneumoniae,221,180,
Klebsiella pneumoniae,686,180,
Klebsiella pneumoniae,1132,180,
Klebsiella pneumoniae,1644,180,
Klebsiella pneumoniae,2313,180,
Klebsiella pneumoniae,6516,180,
Klebsiella pneumoniae,729,180,
Klebsiella pneumoniae,748,180,
Giardia Lamblia,5000,600,
Leishmania mexicana,787,180,
Leishmania mexicana,525,180,
Leishmania mexicana,781,180,
Leishmania mexicana,791,180,
Leishmania mexicana,20064.19,180,
Leishmania mexicana,998.94,180,
Leishmania mexicana,19914.83,180,
Leishmania mexicana,991.5,180,
Leishmania mexicana,20014.4,180,
Leishmania mexicana,996.46,180,
Leishmania mexicana,20163.76,180,
Leishmania mexicana,1003.89,180,
Papilomavírus,45,180,
Papilomavírus,489,180,
Papilomavírus,874,180,
Papilomavírus,907,180,
Papilomavírus,16970,180,
Papilomavírus,265,180,
Papilomavírus,5657,180,
Papilomavírus,3203,180,
Papilomavírus,1011,180,
Papilomavírus,9258,180,
Papilomavírus,3083,180,
Papilomavírus,1051,180,
Papilomavírus,9609,180,
Papilomavírus,466,180,
Papilomavírus,110,180,
Papilomavírus,767,180,
Papilomavírus,404,180,
Salmonella spp.,1387,600,
Salmonella spp.,1508,600,
Salmonella spp.,1523,600,
Shigella Sonnei,1242,600,
Vírus sincicial respiratório (VSR),333,180,
Vírus sincicial respiratório (VSR),523,180,
Vírus sincicial respiratório (VSR),666,180,
Vírus sincicial respiratório (VSR),786,180,
Vírus sincicial respiratório (VSR),768,180,
Vírus sincicial respiratório (VSR),959,180,
Vírus sincicial respiratório (VSR),962,180,
Vírus sincicial respiratório (VSR),10000,180,
Vírus sincicial respiratório (VSR),7767,180,
Vírus sincicial respiratório (VSR),7762,180,
Vírus sincicial respiratório (VSR),7702,180,
Vírus sincicial respiratório (VSR),7009,180,
Vírus sincicial respiratório (VSR),7001,180,
Vírus sincicial respiratório (VSR),6989,180,
Vírus sincicial respiratório (VSR),5000,180,
Vírus sincicial respiratório (VSR),4868,180,
Vírus sincicial respiratório (VSR),2720,180,
Vírus sincicial respiratório (VSR),2050,180,
Vírus sincicial respiratório (VSR),1500,180,
Vírus sincicial respiratório (VSR),1395,180,
Vírus sincicial respiratório (VSR),1062,180,
Vírus sincicial respiratório (VSR),1060,180,
Vírus sincicial respiratório (VSR),1034,180,
Vírus sincicial respiratório (VSR),1009,180,
Vírus sincicial respiratório (VSR),969,180,
Vírus sincicial respiratório (VSR),968,180,
Vírus sincicial respiratório (VSR),962,180,
Vírus sincicial respiratório (VSR),959,180,
Vírus sincicial respiratório (VSR),960,180,
Vírus sincicial respiratório (VSR),952,180,
Vírus sincicial respiratório (VSR),951,180,
Vírus sincicial respiratório (VSR),942,180,
Vírus sincicial respiratório (VSR),880,180,
Vírus sincicial respiratório (VSR),1550,180,
Vírus sincicial respiratório (VSR),802,180,
Vírus sincicial respiratório (VSR),787,180,
Vírus sincicial respiratório (VSR),768,180,
Vírus sincicial respiratório (VSR),728,180,
Vírus sincicial respiratório (VSR),690,180,
Vírus sincicial respiratório (VSR),660,180,
Vírus sincicial respiratório (VSR),555,180,
Vírus sincicial respiratório (VSR),523,180,
Vírus sincicial respiratório (VSR),522,180,
Vírus sincicial respiratório (VSR),1865,180,
Vírus sincicial respiratório (VSR),444,180,
Vírus sincicial respiratório (VSR),333,180,
Vírus sincicial respiratório (VSR),300,180,
Vírus sincicial respiratório (VSR),180,180,
Vírus sincicial respiratório (VSR),160,180,
Vírus sincicial respiratório (VSR),125,180,
Vírus sincicial respiratório (VSR),95,180,
Vírus sincicial respiratório (VSR),72,180,
Vírus sincicial respiratório (VSR),60,180,
Vírus sincicial respiratório (VSR),48,180,
Vírus sincicial respiratório (VSR),26,180,
Vírus sincicial respiratório (VSR),20,180,
Vírus sincicial respiratório (VSR),28729.05,180,
Vírus sincicial respiratório (VSR),16628.88,180,
Vírus sincicial respiratório (VSR),18471,180,
Vírus sincicial respiratório (VSR),18670.15,180,
Vírus sincicial respiratório (VSR),19566.32,180,
Vírus sincicial respiratório (VSR),1407.93,180,
Vírus sincicial respiratório (VSR),827.9,180,
Vírus sincicial respiratório (VSR),919.62,180,
Vírus sincicial respiratório (VSR),929.53,180,
Vírus sincicial respiratório (VSR),974.15,180,
Vírus sincicial respiratório (VSR),2900,180,
Vírus sincicial respiratório (VSR),864,180,
Vírus sincicial respiratório (VSR),790,180,
Vírus sincicial respiratório (VSR),690,180,
Vírus sincicial respiratório (VSR),610,180,
Vírus sincicial respiratório (VSR),470,180,
Vírus sincicial respiratório (VSR),484,180,
Vírus sincicial respiratório (VSR),986,180,
Vírus sincicial respiratório (VSR),644,180,
Vírus sincicial respiratório (VSR),254,180,
Vírus sincicial respiratório (VSR),5000,180,
Vírus sincicial respiratório (VSR),3636,180,
Vírus sincicial respiratório (VSR),2632,180,
Vírus sincicial respiratório (VSR),1850,180,
Vírus sincicial respiratório (VSR),1500,180,
Vírus sincicial respiratório (VSR),1488,180,
Vírus sincicial respiratório (VSR),1422,180,
Vírus sincicial respiratório (VSR),1189,180,
Vírus sincicial respiratório (VSR),1044,180,
Vírus sincicial respiratório (VSR),922,180,
Vírus sincicial respiratório (VSR),868,180,
Vírus sincicial respiratório (VSR),845,180,
Vírus sincicial respiratório (VSR),822,180,
Vírus sincicial respiratório (VSR),788,180,
Vírus sincicial respiratório (VSR),776,180,
Vírus sincicial respiratório (VSR),766,180,
Vírus sincicial respiratório (VSR),742,180,
Vírus sincicial respiratório (VSR),733,180,
Vírus sincicial respiratório (VSR),721,180,
Vírus sincicial respiratório (VSR),676,180,
Vírus sincicial respiratório (VSR),654,180,
Vírus sincicial respiratório (VSR),625,180,
Vírus sincicial respiratório (VSR),620,180,
Vírus sincicial respiratório (VSR),607,180,
Staphylococcus aureus,424,180,
Staphylococcus aureus,727,180,
Staphylococcus aureus,786,180,
Staphylococcus aureus,943,180,
Staphylococcus aureus,1050,180,
Streptococcus agalactiae,1504,600,
Streptococcus mitis,563,180,
Streptococcus mitis,611,180,
Streptococcus mitis,727,180,
Streptococcus lactis,1504,600,
Streptococcus mitis,1242,600,
Streptococcus pneumoniae,1437,600,
Chikungunya,5000,600,
Chikungunya,145,600,
Chikungunya,267,300,
Chikungunya,587,300,
Chikungunya,142,600,
Actinomyces Israelii,2720,180,
Actinomyces Israelii,2489,180,
Actinomyces Israelii,1800,180,
Actinomyces Israelii,1600,180,
Actinomyces Israelii,1550,180,
Actinomyces Israelii,802,180,
Actinomyces Israelii,885,180,
Actinomyces Israelii,880,180,
Actinomyces Israelii,875,180,
Actinomyces Israelii,787,180,
Actinomyces Israelii,776,180,
Actinomyces Israelii,727,180,
Actinomyces Israelii,46.5,180,
Actinomyces Israelii,766,180,
Chikungunya,5000,600,
Chikungunya,145,600,
Chikungunya,267,300,
Chikungunya,587,300,
Chikungunya,142,600,
Candida Parapsilosis,3176,180,
Candida Parapsilosis,2644,180,
Candida Parapsilosis,1403,180,
Candida Parapsilosis,1151,180,
Candida Parapsilosis,943,180,
Candida Parapsilosis,886,180,
Candida Parapsilosis,877,180,
Candida Parapsilosis,866,180,
Candida Parapsilosis,762,180,
Candida Parapsilosis,742,180,
Candida Parapsilosis,661,180,
Candida Parapsilosis,465,180,
Candida Parapsilosis,464,180,
Candida Parapsilosis,450,180,
Candida Parapsilosis,414,180,
Candida Parapsilosis,412,180,
Candida Parapsilosis,386,180,
Candida Parapsilosis,381,180,
Candida Parapsilosis,254.2,180,
Candida Parapsilosis,120,180,
Candida Parapsilosis,95,180,
Candida Parapsilosis,64,180,
Candida Parapsilosis,20,180,
Candida Parapsilosis,880,180,
Candida Parapsilosis,95,180,
Candida Parapsilosis,125,180,
Candida Parapsilosis,20,180,
Candida Parapsilosis,60,180,
Candida Parapsilosis,225,180,
Candida Parapsilosis,427,180,
Candida Parapsilosis,240,180,
Candida Parapsilosis,650,180,
Candida Parapsilosis,688,180,
Candida Parapsilosis,152,180,
Candida Parapsilosis,442,180,
Candida Parapsilosis,8146,180,
Candida Parapsilosis,751,180,
Candida Parapsilosis,1146,180,
Candida Parapsilosis,1403,180,
Candida Parapsilosis,675,180,
Candida Parapsilosis,709,180,
Candida Parapsilosis,10000,180,
Candida Parapsilosis,5000,180,
Candida Parapsilosis,3176,180,
Candida Parapsilosis,2489,180,
Candida Parapsilosis,1395,180,
Candida Parapsilosis,1276,180,
Candida Parapsilosis,1160,180,
Candida Parapsilosis,1044,180,
Candida Parapsilosis,928,180,
Candida Parapsilosis,877,180,
Candida Parapsilosis,812,180,
Candida Parapsilosis,728,180,
Candida Parapsilosis,696,180,
Candida Parapsilosis,580,180,
Candida Parapsilosis,465,180,
Candida Parapsilosis,464,180,
Candida Parapsilosis,381,180,
Candida Parapsilosis,348,180,
Candida Parapsilosis,232,180,
Candida Parapsilosis,116,180,
Candida Parapsilosis,58,180,
Candida Parapsilosis,20,180,
Candida Parapsilosis,1403,180,
Candida Parapsilosis,675,180,
Candida Parapsilosis,709,180,
Candida Parapsilosis,2167,180,
Candida Parapsilosis,2128,180,
Candida Parapsilosis,2182,180,
Candida Parapsilosis,465,180,
Candida Parapsilosis,20,180,
Candida Parapsilosis,60,180,
Candida Parapsilosis,95,180,
Candida Parapsilosis,125,180,
Candida Parapsilosis,225,180,
Candida Parapsilosis,427,180,
Candida Parapsilosis,464,180,
Candida Parapsilosis,727,180,
Candida Parapsilosis,19217,180,
Candida Parapsilosis,81,180,
Candida Parapsilosis,956,180,
Candida Parapsilosis,80,180,
Candida Parapsilosis,2167,180,
Candida Parapsilosis,2128,180,
Candida Parapsilosis,2182,180,
Candida Parapsilosis,465,180,
Candida Parapsilosis,72,180,
Candida Parapsilosis,422,180,
Candida Parapsilosis,582,180,
Candida Parapsilosis,727,180,
Candida Parapsilosis,787,180,
Candida Parapsilosis,802,180,
Candida Parapsilosis,1016,180,
Candida Parapsilosis,1134,180,
Candida Parapsilosis,1153,180,
Candida Parapsilosis,1550,180,
Candida Parapsilosis,2222,180,
Candida Parapsilosis,412,180,
Candida Parapsilosis,543,180,
Candida Parapsilosis,2128,180,
Chlamydia trachomatis,1488,600,
Gardnerella vaginalis,1328.6,nan,
Clostridium difficile,1422,600,
Fasciola Hepática,1668,600,
Fasciola Hepática,1668,600,
Fasciola Hepática,1668,600,
Fasciola Hepática,1660,600,
Fasciolopsis Buskii Eggs,5000,600,
Hepatite C,28,180,
Hepatite C,1550,180,
Hepatite C,1351,180,
Hepatite C,880,180,
Hepatite C,802,180,
Hepatite C,727,180,
Hepatite C,224,180,
Hepatite C,317,180,
Hepatite C,329,180,
Hepatite C,477,180,
Hepatite C,922,180,
Hepatite B,28,180,
Hepatite B,1550,180,
Hepatite B,1351,180,
Hepatite B,880,180,
Hepatite B,802,180,
Hepatite B,727,180,
Hepatite B,224,180,
Hepatite B,317,180,
Hepatite B,329,180,
Hepatite B,477,180,
Hepatite B,922,180,
Entamoeba coli,5000,600,
Staphylococcus haemolyticus,424,180,
Staphylococcus haemolyticus,727,180,
Staphylococcus haemolyticus,786,180,
Staphylococcus haemolyticus,943,180,
Staphylococcus haemolyticus,1050,180,
Staphylococcus epidermidis,1242,600,
Clostridium tetani,5000,600,
Clostridium tetani,5000,600,
Trichomonas vaginalis,1488,600,
Influenza,16728,180,
Influenza,45,180,
Influenza,832,180,
Influenza,86,180,
Influenza,10000,180,
Influenza,880,180,
Influenza,727,180,
Influenza,330,180,
Influenza,728,180,
Influenza,768,180,
Influenza,574,180,
Influenza,207,180,
Influenza,254,180,
Influenza,580,180,
Influenza,582,180,
Influenza,584,180,
Influenza,586,180,
Influenza,588,180,
Influenza,848,180,
Influenza,947,180,
Influenza,7967,180,
Influenza,8910,180,
Influenza,739,180,
Influenza,741,180,
Influenza,760,180,
Influenza,765,180,
Influenza,773,180,
Influenza,915,180,
Influenza,337,180,
Influenza,690,180,
Influenza,868,180,
Influenza,869,180,
Influenza,702,180,
Influenza,727,180,
Influenza,729,180,
Influenza,776,180,
Influenza,779,180,
Influenza,440,180,
Influenza,465,180,
Influenza,613,180,
Influenza,666,180,
Influenza,727,180,
Influenza,787,180,
Influenza,800,180,
Influenza,1000,180,
Influenza,5000,180,
Influenza,10000,180,
Influenza,7344,180,
Influenza,3672,180,
Influenza,1234,180,
Influenza,880,180,
Influenza,743,180,
Influenza,727,180,
Influenza,683,180,
Influenza,464,180,
Influenza,452,180,
Influenza,333,180,
Influenza,72,180,
Influenza,200,180,
Influenza,93.9,180,
Influenza,2720,180,
Influenza,2489,180,
Influenza,1800,180,
Influenza,1600,180,
Influenza,1550,180,
Influenza,885,180,
Influenza,875,180,
Influenza,832,180,
Influenza,802,180,
Influenza,787,180,
Influenza,776,180,
Influenza,766,180,
Influenza,1500,180,
Influenza,832,180,
Influenza,787,180,
Influenza,650,180,
Influenza,625,180,
Influenza,600,180,
Influenza,465,180,
Influenza,144,180,
Influenza,582,180,
Influenza,8911.25,180,
Influenza,9113.5,180,
Influenza,9141.5,180,
Influenza,9393.13,180,
Influenza,6654.69,180,
Influenza,7255,180,
Influenza,7284.06,180,
Influenza,8041.5,180,
Influenza,10334.06,180,
Influenza,10346.56,180,
Influenza,10976.38,180,
Influenza,7414.28,180,
Influenza,7631.09,180,
Influenza,7632.66,180,
Influenza,7667.38,180,
Influenza,7676.94,180,
Influenza,8045.81,180,
Influenza,8082.59,180,
Influenza,8305.19,180,
Mycoplasma genitalium,2900,180,
Mycoplasma genitalium,864,180,
Mycoplasma genitalium,790,180,
Mycoplasma genitalium,690,180,
Mycoplasma genitalium,610,180,
Mycoplasma genitalium,470,180,
Mycoplasma genitalium,484,180,
Mycoplasma genitalium,986,180,
Mycoplasma genitalium,644,180,
Mycoplasma genitalium,254,180,
Mycoplasma genitalium,250,180,
Mycoplasma genitalium,1.2,180,
Mycoplasma genitalium,650,180,
Mycoplasma genitalium,625,180,
Mycoplasma genitalium,600,180,
Mycoplasma genitalium,787,180,
Mycoplasma genitalium,727,180,
Mycoplasma genitalium,262,180,
Mycoplasma genitalium,776,180,
Mycoplasma genitalium,766,180,
Mycoplasma genitalium,10000,180,
Mycoplasma genitalium,5000,180,
Mycoplasma genitalium,2720,180,
Mycoplasma genitalium,1664,180,
Mycoplasma genitalium,1550,180,
Mycoplasma genitalium,1500,180,
Mycoplasma genitalium,962,180,
Mycoplasma genitalium,880,180,
Mycoplasma genitalium,802,180,
Mycoplasma genitalium,800,180,
Mycoplasma genitalium,787,180,
Mycoplasma genitalium,776,180,
Mycoplasma genitalium,766,180,
Mycoplasma genitalium,727,180,
Mycoplasma genitalium,688,180,
Mycoplasma genitalium,683,180,
Mycoplasma genitalium,650,180,
Mycoplasma genitalium,625,180,
Mycoplasma genitalium,600,180,
Mycoplasma genitalium,120,180,
Mycoplasma genitalium,20,180,
Mycoplasma genitalium,7344,180,
Mycoplasma genitalium,3702,180,
Mycoplasma genitalium,3672,180,
Mycoplasma genitalium,2720,180,
Mycoplasma genitalium,2170,180,
Mycoplasma genitalium,1800,180,
Mycoplasma genitalium,1600,180,
Mycoplasma genitalium,1500,180,
Mycoplasma genitalium,1283,180,
Mycoplasma genitalium,1234,180,
Mycoplasma genitalium,1233,180,
Mycoplasma genitalium,880,180,
Mycoplasma genitalium,787,180,
Mycoplasma genitalium,727,180,
Mycoplasma genitalium,522,180,
Mycoplasma genitalium,444,180,
Mycoplasma genitalium,146,180,
Mycoplasma genitalium,125,180,
Mycoplasma genitalium,95,180,
Mycoplasma genitalium,72,180,
Mycoplasma genitalium,20,180,
Mycoplasma genitalium,0,180,
Mycoplasma genitalium,5,180,
Mycoplasma genitalium,470,180,
Mycoplasma genitalium,693,180,
Mycoplasma genitalium,813,180,
Mycoplasma genitalium,1.1,180,
Mycoplasma genitalium,5000,180,
Mycoplasma genitalium,6000,180,
Mycoplasma genitalium,1131,180,
Mycoplasma genitalium,33,180,
Mycoplasma genitalium,2900,180,
Mycoplasma genitalium,878.2,180,
Mycoplasma genitalium,880.2,180,
Mycoplasma genitalium,864,180,
Mycoplasma genitalium,790,180,
Mycoplasma genitalium,706.7,180,
Mycoplasma genitalium,690,180,
Mycoplasma genitalium,610,180,
Mycoplasma genitalium,484,180,
Mycoplasma genitalium,986,180,
Mycoplasma genitalium,644,180,
Mycoplasma genitalium,254,180,
Mycoplasma genitalium,7344,180,
Mycoplasma genitalium,2950,180,
Mycoplasma genitalium,2842,180,
Mycoplasma genitalium,1147,180,
Mycoplasma genitalium,1113,180,
Mycoplasma genitalium,1067,180,
Mycoplasma genitalium,1062,180,
Mycoplasma genitalium,1045,180,
Mycoplasma genitalium,969.9,180,
Mycoplasma genitalium,880.2,180,
Mycoplasma genitalium,878.2,180,
Mycoplasma genitalium,865,180,
Mycoplasma genitalium,829.3,180,
Mycoplasma genitalium,800.4,180,
Mycoplasma genitalium,790,180,
Mycoplasma genitalium,783.6,180,
Candida Tropicalis,414.18,nan,
Proteus mirabilis,434,180,
Proteus mirabilis,594,180,
Proteus mirabilis,776,180,
Proteus mirabilis,16131.01,180,
Proteus mirabilis,803.12,180,
Proteus mirabilis,20562.06,180,
Proteus mirabilis,16728.45,180,
Proteus mirabilis,16330.16,180,
Proteus mirabilis,1023.72,180,
Proteus mirabilis,832.86,180,
Proteus mirabilis,813.03,180,
Staphylococcus saprophyticus,2720,180,
Staphylococcus saprophyticus,2170,180,
Staphylococcus saprophyticus,1865,180,
Staphylococcus saprophyticus,1550,180,
Staphylococcus saprophyticus,880,180,
Staphylococcus saprophyticus,802,180,
Staphylococcus saprophyticus,787,180,
Staphylococcus saprophyticus,727,180,
Staphylococcus saprophyticus,500,180,
Staphylococcus saprophyticus,444,180,
Staphylococcus saprophyticus,190,180,
Staphylococcus saprophyticus,1550,180,
Staphylococcus saprophyticus,1000,180,
Staphylococcus saprophyticus,880,180,
Staphylococcus saprophyticus,802,180,
Staphylococcus saprophyticus,787,180,
Staphylococcus saprophyticus,784,180,
Staphylococcus saprophyticus,770,180,
Staphylococcus saprophyticus,728,180,
Staphylococcus saprophyticus,727,180,
Staphylococcus saprophyticus,660,180,
Staphylococcus saprophyticus,465,180,
Staphylococcus saprophyticus,200,180,
Staphylococcus saprophyticus,116,180,
Staphylococcus saprophyticus,20,180,
Staphylococcus saprophyticus,8697,180,
Staphylococcus saprophyticus,7270,180,
Staphylococcus saprophyticus,1050,180,
Staphylococcus saprophyticus,999,180,
Staphylococcus saprophyticus,943,180,
Staphylococcus saprophyticus,824.4,180,
Staphylococcus saprophyticus,787,180,
Staphylococcus saprophyticus,784,180,
Staphylococcus saprophyticus,745,180,
Staphylococcus saprophyticus,738,180,
Staphylococcus saprophyticus,728,180,
Staphylococcus saprophyticus,727,180,
Staphylococcus saprophyticus,647,180,
Staphylococcus saprophyticus,644,180,
Staphylococcus saprophyticus,555,180,
Staphylococcus saprophyticus,478,180,
Staphylococcus saprophyticus,424,180,
Staphylococcus saprophyticus,18819.51,180,
Staphylococcus saprophyticus,936.97,180,
Staphylococcus saprophyticus,18968.87,180,
Staphylococcus saprophyticus,944.4,180,
Staphylococcus saprophyticus,643,180,
Staphylococcus saprophyticus,40887,180,
Staphylococcus saprophyticus,9646,180,
Staphylococcus saprophyticus,8697,180,
Staphylococcus saprophyticus,7270,180,
Staphylococcus saprophyticus,7160,180,
Staphylococcus saprophyticus,2600,180,
Staphylococcus saprophyticus,2431,180,
Staphylococcus saprophyticus,1902,180,
Staphylococcus saprophyticus,1109,180,
Staphylococcus saprophyticus,1089,180,
Staphylococcus saprophyticus,1060,180,
Staphylococcus saprophyticus,1050,180,
Staphylococcus saprophyticus,1010,180,
Staphylococcus saprophyticus,999,180,
Staphylococcus saprophyticus,985,180,
Staphylococcus saprophyticus,960,180,
Staphylococcus saprophyticus,958,180,
Staphylococcus saprophyticus,943,180,
Staphylococcus saprophyticus,934,180,
Staphylococcus saprophyticus,884,180,
Staphylococcus saprophyticus,882,180,
Staphylococcus saprophyticus,880,180,
Staphylococcus saprophyticus,878,180,
Staphylococcus saprophyticus,876,180,
Staphylococcus saprophyticus,824.4,180,
Staphylococcus saprophyticus,787,180,
Staphylococcus saprophyticus,786,180,
Staphylococcus saprophyticus,784,180,
Staphylococcus saprophyticus,745,180,
Staphylococcus saprophyticus,738,180,
Staphylococcus saprophyticus,728,180,
Staphylococcus saprophyticus,727,180,
Staphylococcus saprophyticus,718,180,
Staphylococcus saprophyticus,686,180,
Staphylococcus saprophyticus,678,180,
Staphylococcus saprophyticus,674,180,
Staphylococcus saprophyticus,647,180,
Staphylococcus saprophyticus,644,180,
Staphylococcus saprophyticus,643,180,
Staphylococcus saprophyticus,639,180,
Staphylococcus saprophyticus,634,180,
Staphylococcus saprophyticus,576,180,
Staphylococcus saprophyticus,563,180,
Staphylococcus saprophyticus,555,180,
Staphylococcus saprophyticus,550,180,
Staphylococcus saprophyticus,542,180,
Staphylococcus saprophyticus,478,180,
Staphylococcus saprophyticus,453,180,
Staphylococcus saprophyticus,436,180,
Staphylococcus saprophyticus,424,180,
Staphylococcus saprophyticus,423,180,
Staphylococcus saprophyticus,411,180,
Staphylococcus saprophyticus,333,180,
Candida Guilliermondii,3176,180,
Candida Guilliermondii,2644,180,
Candida Guilliermondii,1403,180,
Candida Guilliermondii,1151,180,
Candida Guilliermondii,943,180,
Candida Guilliermondii,886,180,
Candida Guilliermondii,877,180,
Candida Guilliermondii,866,180,
Candida Guilliermondii,762,180,
Candida Guilliermondii,742,180,
Candida Guilliermondii,661,180,
Candida Guilliermondii,465,180,
Candida Guilliermondii,464,180,
Candida Guilliermondii,450,180,
Candida Guilliermondii,414,180,
Candida Guilliermondii,412,180,
Candida Guilliermondii,386,180,
Candida Guilliermondii,381,180,
Candida Guilliermondii,254.2,180,
Candida Guilliermondii,120,180,
Candida Guilliermondii,95,180,
Candida Guilliermondii,64,180,
Candida Guilliermondii,20,180,
Candida Guilliermondii,880,180,
Candida Guilliermondii,95,180,
Candida Guilliermondii,125,180,
Candida Guilliermondii,20,180,
Candida Guilliermondii,60,180,
Candida Guilliermondii,225,180,
Candida Guilliermondii,427,180,
Candida Guilliermondii,240,180,
Candida Guilliermondii,650,180,
Candida Guilliermondii,688,180,
Candida Guilliermondii,152,180,
Candida Guilliermondii,442,180,
Candida Guilliermondii,8146,180,
Candida Guilliermondii,751,180,
Candida Guilliermondii,1146,180,
Candida Guilliermondii,1403,180,
Candida Guilliermondii,675,180,
Candida Guilliermondii,709,180,
Candida Guilliermondii,10000,180,
Candida Guilliermondii,5000,180,
Candida Guilliermondii,3176,180,
Candida Guilliermondii,2489,180,
Candida Guilliermondii,1395,180,
Candida Guilliermondii,1276,180,
Candida Guilliermondii,1160,180,
Candida Guilliermondii,1044,180,
Candida Guilliermondii,928,180,
Candida Guilliermondii,877,180,
Candida Guilliermondii,812,180,
Candida Guilliermondii,728,180,
Candida Guilliermondii,696,180,
Candida Guilliermondii,580,180,
Candida Guilliermondii,465,180,
Candida Guilliermondii,464,180,
Candida Guilliermondii,381,180,
Candida Guilliermondii,348,180,
Candida Guilliermondii,232,180,
Candida Guilliermondii,116,180,
Candida Guilliermondii,58,180,
Candida Guilliermondii,20,180,
Candida Guilliermondii,1403,180,
Candida Guilliermondii,675,180,
Candida Guilliermondii,709,180,
Candida Guilliermondii,2167,180,
Candida Guilliermondii,2128,180,
Candida Guilliermondii,2182,180,
Candida Guilliermondii,465,180,
Candida Guilliermondii,20,180,
Candida Guilliermondii,60,180,
Candida Guilliermondii,95,180,
Candida Guilliermondii,125,180,
Candida Guilliermondii,225,180,
Candida Guilliermondii,427,180,
Candida Guilliermondii,464,180,
Candida Guilliermondii,727,180,
Candida Guilliermondii,19217,180,
Candida Guilliermondii,81,180,
Candida Guilliermondii,956,180,
Candida Guilliermondii,80,180,
Candida Guilliermondii,2167,180,
Candida Guilliermondii,2128,180,
Candida Guilliermondii,2182,180,
Candida Guilliermondii,465,180,
Candida Guilliermondii,72,180,
Candida Guilliermondii,422,180,
Candida Guilliermondii,582,180,
Candida Guilliermondii,727,180,
Candida Guilliermondii,787,180,
Candida Guilliermondii,802,180,
Candida Guilliermondii,1016,180,
Candida Guilliermondii,1134,180,
Candida Guilliermondii,1153,180,
Candida Guilliermondii,1550,180,
Candida Guilliermondii,2222,180,
Candida Guilliermondii,412,180,
Candida Guilliermondii,543,180,
Candida Guilliermondii,2128,180,
Trichuris trichiura,20213,180,
Trichuris trichiura,55,180,
Trichuris trichiura,1006,180,
Trichuris trichiura,37,180,
Herpes simplex vírus 2,1141,600,
Herpes simplex vírus 2,1350,600,
Vírus Echo‑9,333,180,
Vírus Echo‑9,523,180,
Vírus Echo‑9,666,180,
Vírus Echo‑9,786,180,
Vírus Echo‑9,768,180,
Vírus Echo‑9,959,180,
Vírus Echo‑9,962,180,
Vírus Echo‑9,10000,180,
Vírus Echo‑9,7767,180,
Vírus Echo‑9,7762,180,
Vírus Echo‑9,7702,180,
Vírus Echo‑9,7009,180,
Vírus Echo‑9,7001,180,
Vírus Echo‑9,6989,180,
Vírus Echo‑9,5000,180,
Vírus Echo‑9,4868,180,
Vírus Echo‑9,2720,180,
Vírus Echo‑9,2050,180,
Vírus Echo‑9,1500,180,
Vírus Echo‑9,1395,180,
Vírus Echo‑9,1062,180,
Vírus Echo‑9,1060,180,
Vírus Echo‑9,1034,180,
Vírus Echo‑9,1009,180,
Vírus Echo‑9,969,180,
Vírus Echo‑9,968,180,
Vírus Echo‑9,962,180,
Vírus Echo‑9,959,180,
Vírus Echo‑9,960,180,
Vírus Echo‑9,952,180,
Vírus Echo‑9,951,180,
Vírus Echo‑9,942,180,
Vírus Echo‑9,880,180,
Vírus Echo‑9,1550,180,
Vírus Echo‑9,802,180,
Vírus Echo‑9,787,180,
Vírus Echo‑9,768,180,
Vírus Echo‑9,728,180,
Vírus Echo‑9,690,180,
Vírus Echo‑9,660,180,
Vírus Echo‑9,555,180,
Vírus Echo‑9,523,180,
Vírus Echo‑9,522,180,
Vírus Echo‑9,1865,180,
Vírus Echo‑9,444,180,
Vírus Echo‑9,333,180,
Vírus Echo‑9,300,180,
Vírus Echo‑9,180,180,
Vírus Echo‑9,160,180,
Vírus Echo‑9,125,180,
Vírus Echo‑9,95,180,
Vírus Echo‑9,72,180,
Vírus Echo‑9,60,180,
Vírus Echo‑9,48,180,
Vírus Echo‑9,26,180,
Vírus Echo‑9,20,180,
Vírus Echo‑9,28729.05,180,
Vírus Echo‑9,16628.88,180,
Vírus Echo‑9,18471,180,
Vírus Echo‑9,18670.15,180,
Vírus Echo‑9,19566.32,180,
Vírus Echo‑9,1407.93,180,
Vírus Echo‑9,827.9,180,
Vírus Echo‑9,919.62,180,
Vírus Echo‑9,929.53,180,
Vírus Echo‑9,974.15,180,
Vírus Echo‑9,2900,180,
Vírus Echo‑9,864,180,
Vírus Echo‑9,790,180,
Vírus Echo‑9,690,180,
Vírus Echo‑9,610,180,
Vírus Echo‑9,470,180,
Vírus Echo‑9,484,180,
Vírus Echo‑9,986,180,
Vírus Echo‑9,644,180,
Vírus Echo‑9,254,180,
Vírus Echo‑9,5000,180,
Vírus Echo‑9,3636,180,
Vírus Echo‑9,2632,180,
Vírus Echo‑9,1850,180,
Vírus Echo‑9,1500,180,
Vírus Echo‑9,1488,180,
Vírus Echo‑9,1422,180,
Vírus Echo‑9,1189,180,
Vírus Echo‑9,1044,180,
Vírus Echo‑9,922,180,
Vírus Echo‑9,868,180,
Vírus Echo‑9,845,180,
Vírus Echo‑9,822,180,
Vírus Echo‑9,788,180,
Vírus Echo‑9,776,180,
Vírus Echo‑9,766,180,
Vírus Echo‑9,742,180,
Vírus Echo‑9,733,180,
Vírus Echo‑9,721,180,
Vírus Echo‑9,676,180,
Vírus Echo‑9,654,180,
Vírus Echo‑9,625,180,
Vírus Echo‑9,620,180,
Vírus Echo‑9,607,180,
Dengue,464,180,
Dengue,440,180,
Dengue,3672,180,
Dengue,7766,180,
Dengue,7760,180,
Dengue,7344,180,
Dengue,1234,180,
Dengue,5000,180,
Dengue,727,180,
Dengue,787,180,
Dengue,464,180,
Dengue,440,180,
Dengue,3672,180,
Dengue,7766,180,
Dengue,7760,180,
Dengue,7344,180,
Dengue,1234,180,
Dengue,5000,180,
Dengue,727,180,
Dengue,787,180,
Dengue,800,180,
Dengue,875,180,
Dengue,880,180,
Dengue,885,180,
Dengue,728,180,
Dengue,1550,180,
Dengue,1500,180,
Dengue,2008,180,
Dengue,20,180,
Dengue,728,180,
Dengue,440,180,
Dengue,465,180,
Dengue,613,180,
Dengue,666,180,
Dengue,727,180,
Dengue,787,180,
Dengue,800,180,
Dengue,1000,180,
Dengue,5000,180,
Dengue,10000,180,
Fasciolopsis buski,1695,600,
Neisseria gonorrhoeae,1305.6,nan,
Eurytrema Pancreático,1644,600,
Eurytrema Pancreático,1644,600,
Rhizopus spp.,552,180,
Rhizopus spp.,1522,180,
Rhizopus spp.,132,180,
Rhizopus spp.,327,180,
Rhizopus spp.,775,180,
Rhizopus spp.,659,180,
Rhizopus spp.,660,180,
Tricomoníase,610,180,
Tricomoníase,692,180,
Tricomoníase,980,180,
Candida Albicans,414.18,nan,
Rotavírus,665,300,
Rotavírus,666,300,
Rotavírus,667,300,
Rotavírus,776,300,
Rotavírus,787,300,
Rotavírus,802,300,
Rotavírus,1550,300,
Rotavírus,832,300,
Rotavírus,840,300,
Rotavírus,880,300,
Rotavírus,1570,300,
Rotavírus,1998,300,
Rotavírus,2008,300,
Rotavírus,2052,300,
Rotavírus,2127.5,300,
Rotavírus,2489,300,
Rotavírus,2490,300,
Rotavírus,5000,300,
Coronavirus,665,300,
Coronavirus,666,300,
Coronavirus,667,300,
Coronavirus,776,300,
Coronavirus,787,300,
Coronavirus,802,300,
Coronavirus,1550,300,
Coronavirus,832,300,
Coronavirus,840,300,
Coronavirus,880,300,
Coronavirus,1570,300,
Coronavirus,1998,300,
Coronavirus,2008,300,
Coronavirus,2052,300,
Coronavirus,2127.5,300,
Coronavirus,2489,300,
Coronavirus,2490,300,
Coronavirus,5000,300,
Trypanosoma cruzi,1808,600,
Trichinella spiralis,1580,600,
Fusarium spp.,102,180,
Fusarium spp.,332,180,
Fusarium spp.,705,180,
Fusarium spp.,795,180,
Fusarium spp.,780,180,
Fusarium spp.,768,180,
Fusarium spp.,625,180,
Fusarium spp.,746,180,
Brucella Abortus,748,180,
Brucella Abortus,643,180,
Brucella Abortus,695,180,
Brucella Abortus,1423,180,
Streptococcus pyogenes,1437,600,
Trichophyton rubrum,752,180,
Trichophyton rubrum,923,180,
Enterococcus faecalis,686,600,
Enterococcus faecalis,409,180,
Enterococcus faecalis,454,180,
Enterococcus faecalis,5000,180,
Histoplasma capsulatum,1180,600,
Leishmania braziliensis,1574,600,
Aspergillus niger,374697,180,
Toxoplasma gondii,19665.89,180,
Toxoplasma gondii,979.11,180,
Leishmania amazonensis,1574,600,
Paragonimus westermani,22503.75,180,
Paragonimus westermani,1120.4,180,
Paragonimus westermani,22254.82,180,
Paragonimus westermani,1108,180,
Clostridium botulinum,1414,600,
Clostridium botulinum,1414,600,
Plasmodium falciparum,1457,600,
Fasciola hepatica,1660,600,
Candida Dubliniensis,414.18,nan,
Clonorchis sinensis,1668,600,
Treponema pallidum,660,180,
Treponema pallidum,902,180,
Treponema pallidum,17276.11,180,
Treponema pallidum,860.13,180,
Penicillium spp.,552,180,
Penicillium spp.,1522,180,
Penicillium spp.,129,180,
Penicillium spp.,249,180,
Penicillium spp.,344,180,
Penicillium spp.,967,180,
Penicillium spp.,345,180,
Penicillium spp.,688,180,
Penicillium spp.,868,180,
Penicillium spp.,1070,180,
Penicillium spp.,2411,180,
Penicillium spp.,728,180,
Penicillium spp.,764,180,
Penicillium spp.,765,180,
Penicillium spp.,334,180,
Penicillium spp.,629,180,
Penicillium spp.,321,180,
Penicillium spp.,550,180,
Penicillium spp.,555,180,
Penicillium spp.,556,180,
Penicillium spp.,558,180,
Penicillium spp.,560,180,
Penicillium spp.,562,180,
Penicillium spp.,566,180,
Penicillium spp.,572,180,
Penicillium spp.,644,180,
Penicillium spp.,825,180,
Penicillium spp.,922,180,
Penicillium spp.,942,180,
Penicillium spp.,4870,180,
Penicillium spp.,7780,180,
Penicillium spp.,412,180,
Penicillium spp.,715,180,
Penicillium spp.,332,180,
Penicillium spp.,457,180,
Penicillium spp.,460,180,
Penicillium spp.,462,180,
Penicillium spp.,766,180,
Penicillium spp.,1015,180,
Penicillium spp.,1018,180,
Entamoeba histolytica,1504,600,
Cryptosporidium parvum,220,180,
Cryptosporidium parvum,482,180,
Cryptosporidium parvum,575,180,
Cryptosporidium parvum,4122,180,
Cryptosporidium parvum,698,180,
Cryptosporidium parvum,711,180,
Cryptosporidium parvum,893,180,
Cryptosporidium parvum,895,180,
Cryptosporidium parvum,1276,180,
Cryptosporidium parvum,5690,180,
Mucor spp.,612,180,
Mucor spp.,1000,180,
Mucor spp.,488,180,
Mucor spp.,766,180,
Mucor spp.,9788,180,
Mucor spp.,735,180,
Mucor spp.,361,180,
Mucor spp.,578,180,
Mucor spp.,785,180,
Mucor spp.,877,180,
Mucor spp.,310,180,
Mucor spp.,474,180,
Mucor spp.,875,180,
Mucor spp.,473,180,
Mucor spp.,686,180,
Mucor spp.,871,180,
Mucor spp.,873,180,
Mucor spp.,876,180,
Mucor spp.,878,180,
Mucor spp.,887,180,
Mucor spp.,7768,180,
Mucor spp.,7976,180,
Mucor spp.,8788,180,
Mucor spp.,713,180,
Mucor spp.,729,180,
Mucor spp.,731,180,
Mucor spp.,751,180,
Mucor spp.,760,180,
Mucor spp.,778,180,
Mucor spp.,1200,180,
Mucor spp.,942,180,
Mucor spp.,623,180,
Mucor spp.,733,180,
Zika,727,600,
Zika,5000,600,
Zika,213,600,
Zika,516,600,
Schistosoma haematobium,1379,600,
Aspergillus fumigatus,1823,180,
Aspergillus fumigatus,247,180,
Aspergillus fumigatus,1972,180,
Aspergillus fumigatus,524758,180,
Aspergillus fumigatus,374697,180,
Aspergillus fumigatus,743339,180,
Aspergillus fumigatus,1972,180,
Aspergillus fumigatus,1823,180,
Aspergillus fumigatus,758,180,
Aspergillus fumigatus,743,180,
Aspergillus fumigatus,697,180,
Aspergillus fumigatus,524,180,
Aspergillus fumigatus,374,180,
Aspergillus fumigatus,339,180,
Aspergillus fumigatus,247,180,
Aspergillus fumigatus,552,180,
Aspergillus fumigatus,1522,180,
Schistosoma mansoni,329,180,
Schistosoma mansoni,9889,180,
Norovírus,665,300,
Norovírus,666,300,
Norovírus,667,300,
Norovírus,776,300,
Norovírus,787,300,
Norovírus,802,300,
Norovírus,1550,300,
Norovírus,832,300,
Norovírus,840,300,
Norovírus,880,300,
Norovírus,1570,300,
Norovírus,1998,300,
Norovírus,2008,300,
Norovírus,2052,300,
Norovírus,2127.5,300,
Norovírus,2489,300,
Norovírus,2490,300,
Norovírus,5000,300,
Leishmania guyanensis,1574,600,
Herpes simplex,1141,600,
Herpes simplex,1350,600,
Ascaris Larvae,152,180,
Ascaris Larvae,442,180,
Ascaris Larvae,8146,180,
Ascaris Larvae,751,180,
Ascaris Larvae,1146,180,
Ascaris Larvae,797,180,
Bactéria Lactis Aerogenes,488,180,
Bactéria Lactis Aerogenes,565,180,
Bactéria Lactis Aerogenes,672,180,
Bactéria Lactis Aerogenes,674,180,
Bactéria Lactis Aerogenes,678,180,
Bactéria Lactis Aerogenes,773,180,
Bactéria Lactis Aerogenes,766,180,
Bactéria Lactis Aerogenes,768,180,
Bactéria Lactis Aerogenes,776,180,
Bactéria Lactis Aerogenes,777,180,
Bactéria Lactis Aerogenes,778,180,
Bactéria Lactis Aerogenes,822,180,
Bactéria Lactis Aerogenes,885,180,
Bactéria Lactis Aerogenes,887,180,
Bactéria Lactis Aerogenes,7877,180,
Bactéria Lactis Aerogenes,9687,180,
Bactéria Lactis Aerogenes,42664,180,
Bactéria Lactis Aerogenes,42666,180,
Bactéria Lactis Aerogenes,46668,180,
Bactéria Lactis Aerogenes,46787,180,
Bactéria Lactis Aerogenes,23,180,
Bactéria Lactis Aerogenes,222,180,
Bactéria Lactis Aerogenes,262,180,
Bactéria Lactis Aerogenes,2154,180,
Bactéria Lactis Aerogenes,465,180,
Bactéria Lactis Aerogenes,488,180,
Bactéria Lactis Aerogenes,567,180,
Bactéria Lactis Aerogenes,7880,180,
Bactéria Lactis Aerogenes,10000,180,
Bactéria Lactis Aerogenes,787,180,
Bactéria Lactis Aerogenes,747,180,
Bactéria Lactis Aerogenes,727,180,
Bactéria Lactis Aerogenes,20,180,
Bactéria Lactis Aerogenes,660,180,
Bactéria Lactis Aerogenes,690,180,
Bactéria Lactis Aerogenes,160,180,
Bactéria Lactis Aerogenes,73,180,
Bactéria Lactis Aerogenes,1.1,180,
Bactéria Lactis Aerogenes,10000,180,
Bactéria Lactis Aerogenes,2720,180,
Bactéria Lactis Aerogenes,2170,180,
Bactéria Lactis Aerogenes,1800,180,
Bactéria Lactis Aerogenes,1600,180,
Bactéria Lactis Aerogenes,1500,180,
Bactéria Lactis Aerogenes,880,180,
Bactéria Lactis Aerogenes,787,180,
Bactéria Lactis Aerogenes,776,180,
Bactéria Lactis Aerogenes,727,180,
Bactéria Lactis Aerogenes,20,180,
Bactéria Lactis Aerogenes,250,180,
Bactéria Lactis Aerogenes,1.2,180,
Bactéria Lactis Aerogenes,650,180,
Bactéria Lactis Aerogenes,625,180,
Bactéria Lactis Aerogenes,600,180,
Bactéria Lactis Aerogenes,787,180,
Bactéria Lactis Aerogenes,727,180,
Bactéria Lactis Aerogenes,262,180,
Bactéria Lactis Aerogenes,776,180,
Bactéria Lactis Aerogenes,766,180,
Bactéria Lactis Aerogenes,548,180,
Bactéria Lactis Aerogenes,244,180,
Bactéria Lactis Aerogenes,1466,180,
Bactéria Lactis Aerogenes,597,180,
Bactéria Lactis Aerogenes,1311,180,
Bactéria Lactis Aerogenes,512,180,
Bactéria Lactis Aerogenes,526,180,
Bactéria Lactis Aerogenes,798,180,
Bactéria Lactis Aerogenes,951,180,
Bactéria Lactis Aerogenes,5412,180,
Bactéria Lactis Aerogenes,20786.1,180,
Bactéria Lactis Aerogenes,17923.34,180,
Bactéria Lactis Aerogenes,1034.88,180,
Bactéria Lactis Aerogenes,892.35,180,
Bactéria Lactis Aerogenes,430,180,
Bactéria Lactis Aerogenes,620,180,
Bactéria Lactis Aerogenes,624,180,
Bactéria Lactis Aerogenes,840,180,
Bactéria Lactis Aerogenes,1111.4,180,
Bactéria Lactis Aerogenes,2213,180,
Bactéria Lactis Aerogenes,866,180,
Bactéria Lactis Aerogenes,555.7,180,
Bactéria Lactis Aerogenes,2222.8,180,
Bactéria Lactis Aerogenes,1035,180,
Bactéria Lactis Aerogenes,968,180,
Bactéria Lactis Aerogenes,961,180,
Bactéria Lactis Aerogenes,851,180,
Bactéria Lactis Aerogenes,844,180,
Bactéria Lactis Aerogenes,843,180,
Bactéria Lactis Aerogenes,691,180,
Bactéria Lactis Aerogenes,591,180,
Bactéria Lactis Aerogenes,556,180,
Bactéria Lactis Aerogenes,330,180,
Bactéria Lactis Aerogenes,10000,180,
Bactéria Lactis Aerogenes,1000,180,
Bactéria Lactis Aerogenes,925,180,
Bactéria Lactis Aerogenes,800,180,
Bactéria Lactis Aerogenes,788,180,
Bactéria Lactis Aerogenes,776,180,
Bactéria Lactis Aerogenes,624,180,
Bactéria Lactis Aerogenes,590,180,
Candida Saccharomyces,3176,180,
Candida Saccharomyces,2644,180,
Candida Saccharomyces,1403,180,
Candida Saccharomyces,1151,180,
Candida Saccharomyces,943,180,
Candida Saccharomyces,886,180,
Candida Saccharomyces,877,180,
Candida Saccharomyces,866,180,
Candida Saccharomyces,762,180,
Candida Saccharomyces,742,180,
Candida Saccharomyces,661,180,
Candida Saccharomyces,465,180,
Candida Saccharomyces,464,180,
Candida Saccharomyces,450,180,
Candida Saccharomyces,414,180,
Candida Saccharomyces,412,180,
Candida Saccharomyces,386,180,
Candida Saccharomyces,381,180,
Candida Saccharomyces,254.2,180,
Candida Saccharomyces,120,180,
Candida Saccharomyces,95,180,
Candida Saccharomyces,64,180,
Candida Saccharomyces,20,180,
Candida Saccharomyces,880,180,
Candida Saccharomyces,95,180,
Candida Saccharomyces,125,180,
Candida Saccharomyces,20,180,
Candida Saccharomyces,60,180,
Candida Saccharomyces,225,180,
Candida Saccharomyces,427,180,
Candida Saccharomyces,240,180,
Candida Saccharomyces,650,180,
Candida Saccharomyces,688,180,
Candida Saccharomyces,152,180,
Candida Saccharomyces,442,180,
Candida Saccharomyces,8146,180,
Candida Saccharomyces,751,180,
Candida Saccharomyces,1146,180,
Candida Saccharomyces,1403,180,
Candida Saccharomyces,675,180,
Candida Saccharomyces,709,180,
Candida Saccharomyces,10000,180,
Candida Saccharomyces,5000,180,
Candida Saccharomyces,3176,180,
Candida Saccharomyces,2489,180,
Candida Saccharomyces,1395,180,
Candida Saccharomyces,1276,180,
Candida Saccharomyces,1160,180,
Candida Saccharomyces,1044,180,
Candida Saccharomyces,928,180,
Candida Saccharomyces,877,180,
Candida Saccharomyces,812,180,
Candida Saccharomyces,728,180,
Candida Saccharomyces,696,180,
Candida Saccharomyces,580,180,
Candida Saccharomyces,465,180,
Candida Saccharomyces,464,180,
Candida Saccharomyces,381,180,
Candida Saccharomyces,348,180,
Candida Saccharomyces,232,180,
Candida Saccharomyces,116,180,
Candida Saccharomyces,58,180,
Candida Saccharomyces,20,180,
Candida Saccharomyces,1403,180,
Candida Saccharomyces,675,180,
Candida Saccharomyces,709,180,
Candida Saccharomyces,2167,180,
Candida Saccharomyces,2128,180,
Candida Saccharomyces,2182,180,
Candida Saccharomyces,465,180,
Candida Saccharomyces,20,180,
Candida Saccharomyces,60,180,
Candida Saccharomyces,95,180,
Candida Saccharomyces,125,180,
Candida Saccharomyces,225,180,
Candida Saccharomyces,427,180,
Candida Saccharomyces,464,180,
Candida Saccharomyces,727,180,
Candida Saccharomyces,19217,180,
Candida Saccharomyces,81,180,
Candida Saccharomyces,956,180,
Candida Saccharomyces,80,180,
Candida Saccharomyces,2167,180,
Candida Saccharomyces,2128,180,
Candida Saccharomyces,2182,180,
Candida Saccharomyces,465,180,
Candida Saccharomyces,72,180,
Candida Saccharomyces,422,180,
Candida Saccharomyces,582,180,
Candida Saccharomyces,727,180,
Candida Saccharomyces,787,180,
Candida Saccharomyces,802,180,
Candida Saccharomyces,1016,180,
Candida Saccharomyces,1134,180,
Candida Saccharomyces,1153,180,
Candida Saccharomyces,1550,180,
Candida Saccharomyces,2222,180,
Candida Saccharomyces,412,180,
Candida Saccharomyces,543,180,
Candida Saccharomyces,2128,180,
Epidermophyton Floccosum,20,727,
Epidermophyton Floccosum,787,880,
Epidermophyton Floccosum,5000,644,
Epidermophyton Floccosum,766,464,
Epidermophyton Floccosum,802,1552,
Epidermophyton Floccosum,9999,3176,
Fasciolopsis buski,1695,600,
Helicobacter Pylori,676,180,
Helicobacter Pylori,704.9,180,
Helicobacter Pylori,694.7,180,
Helicobacter Pylori,#,1,
Helicobacter Pylori,2167,180,
Helicobacter Pylori,728,180,
Helicobacter Pylori,880,180,
Helicobacter Pylori,2950,180,
Helicobacter Pylori,#,exp,
Helicobacter Pylori,694.7,180,
Helicobacter Pylori,2778.8,180,
Helicobacter Pylori,704.9,180,
Helicobacter Pylori,2819.4,180,
Lactobacillus Acidophilus,17375,180,
Lactobacillus Acidophilus,69,180,
Lactobacillus Acidophilus,865,180,
Lactobacillus Acidophilus,8,180,
Mycobacterium Phlei,20412.7,180,
Mycobacterium Phlei,1016.29,180,
Mycobacterium Phlei,21508.01,180,
Mycobacterium Phlei,1070.82,180,
Microsporum Canis,1644.18,nan,
Reovírus,665,300,
Reovírus,666,300,
Reovírus,667,300,
Reovírus,776,300,
Reovírus,787,300,
Reovírus,802,300,
Reovírus,1550,300,
Reovírus,832,300,
Reovírus,840,300,
Reovírus,880,300,
Reovírus,1570,300,
Reovírus,1998,300,
Reovírus,2008,300,
Reovírus,2052,300,
Reovírus,2127.5,300,
Reovírus,2489,300,
Reovírus,2490,300,
Reovírus,5000,300,
Rinovírus,952,180,
Rinovírus,741,180,
Rinovírus,682,180,
Rinovírus,320,180,
Rinovírus,160,180,
Scopulariopsis Brevic,1687,600,
Staphylococcus Albus,424,180,
Staphylococcus Albus,727,180,
Staphylococcus Albus,786,180,
Staphylococcus Albus,943,180,
Staphylococcus Albus,1050,180,
Tinea Capitis,20,180,
Tinea Capitis,379,180,
Tinea Capitis,727,180,
Tinea Capitis,787,180,
Tinea Capitis,880,180,
Tinea Capitis,5000,180,
Tinea Capitis,644,180,
Tinea Capitis,766,180,
Tinea Capitis,464,180,
Tinea Capitis,802,180,
Tinea Capitis,1552,180,
Tinea Capitis,9999,180,
Tinea Capitis,752,180,
Tinea Capitis,923,180,
Tinea Capitis,3176,180,
Tinea Capitis,304,180,
Tricophyton Mentagrophyte,311.18,nan,
Strongyloides stercoralis,380,180,
Strongyloides stercoralis,698,180,
Strongyloides stercoralis,752,180,
Strongyloides stercoralis,776,180,
Strongyloides stercoralis,722,180,
Strongyloides stercoralis,738,180,
Strongyloides stercoralis,746,180,
Strongyloides stercoralis,1113,180,
Echovírus 9,2900,180,
Echovírus 9,864,180,
Echovírus 9,790,180,
Echovírus 9,690,180,
Echovírus 9,610,180,
Echovírus 9,470,180,
Echovírus 9,484,180,
Echovírus 9,986,180,
Echovírus 9,644,180,
Echovírus 9,254,180,
Echovírus 9,922,180,
Echovírus 9,788,180,
Echovírus 9,765,180,
Echovírus 9,722,180,
Echovírus 9,625,180,
Echovírus 9,620,180,
Echovírus 9,614,180,
Echovírus 9,613,180,
Echovírus 9,612,180,
Echovírus 9,611,180,
Echovírus 9,610,180,
Echovírus 9,609,180,
Echovírus 9,608,180,
Echovírus 9,607,180,
Echovírus 9,606,180,
Echovírus 9,605,180,
Echovírus 9,604,180,
Echovírus 9,603,180,
Echovírus 9,514,180,
Echovírus 9,461,180,
Parainfluenza,952,180,
Parainfluenza,741,180,
Parainfluenza,682,180,
Parainfluenza,320,180,
Parainfluenza,160,180,
Ameba Meleagridis,344,180,
Ameba Meleagridis,605,180,
Ameba Meleagridis,510,180,
Ameba Meleagridis,943,180,
Ameba Meleagridis,310,180,
Ameba Meleagridis,333,180,
Ameba Meleagridis,532,180,
Ameba Meleagridis,732,180,
Ameba Meleagridis,769,180,
Ameba Meleagridis,827,180,
Ameba Meleagridis,1522,180,
Ameba Meleagridis,19367.17,180,
Ameba Meleagridis,964.23,180,
Ameba Meleagridis,21209.29,180,
Ameba Meleagridis,1055.95,180,
Bartonella Quintana,2900,180,
Bartonella Quintana,864,180,
Bartonella Quintana,790,180,
Bartonella Quintana,690,180,
Bartonella Quintana,610,180,
Bartonella Quintana,470,180,
Bartonella Quintana,484,180,
Bartonella Quintana,986,180,
Bartonella Quintana,644,180,
Bartonella Quintana,254,180,
Bartonella Quintana,364,180,
Bartonella Quintana,379,180,
Bartonella Quintana,645,180,
Bartonella Quintana,654,180,
Bartonella Quintana,786,180,
Bartonella Quintana,840,180,
Bartonella Quintana,842,180,
Bartonella Quintana,844,180,
Bartonella Quintana,846,180,
Bartonella Quintana,848,180,
Bartonella Quintana,850,180,
Bartonella Quintana,857,180,
Bartonella Quintana,967,180,
Bartonella Quintana,6878,180,
Bartonella Quintana,634,180,
Bartonella Quintana,696,180,
Bartonella Quintana,716,180,
Bartonella Quintana,1518,180,
Bacillus Cereus,488,180,
Bacillus Cereus,565,180,
Bacillus Cereus,672,180,
Bacillus Cereus,674,180,
Bacillus Cereus,678,180,
Bacillus Cereus,773,180,
Bacillus Cereus,766,180,
Bacillus Cereus,768,180,
Bacillus Cereus,776,180,
Bacillus Cereus,777,180,
Bacillus Cereus,778,180,
Bacillus Cereus,822,180,
Bacillus Cereus,885,180,
Bacillus Cereus,887,180,
Bacillus Cereus,7877,180,
Bacillus Cereus,9687,180,
Bacillus Cereus,42664,180,
Bacillus Cereus,42666,180,
Bacillus Cereus,46668,180,
Bacillus Cereus,46787,180,
Bacillus Cereus,4000,180,
Bacillus Cereus,16655,180,
Bacillus Cereus,1370,180,
Bacillus Cereus,1365,180,
Bacillus Cereus,930,180,
Bacillus Cereus,900,180,
Bacillus Cereus,768,180,
Bacillus Cereus,633,180,
Bacillus Cereus,500,180,
Bacillus Cereus,420,180,
Bacillus Cereus,414,180,
Bacillus Cereus,400,180,
Bacillus Cereus,273,180,
Bacillus Cereus,224,180,
Bacillus Cereus,129,180,
Bacillus Cereus,19665,180,
Bacillus Cereus,89,180,
Bacillus Cereus,18122,180,
Bacillus Cereus,49,180,
Bacillus Cereus,18321,180,
Bacillus Cereus,64,180,
Bacillus Cereus,19317,180,
Bacillus Cereus,38,180,
Bacillus Cereus,961,180,
Bacillus Cereus,76,180,
Bacillus Cereus,912,180,
Bacillus Cereus,18,180,
Bacillus Cereus,902,180,
Bacillus Cereus,27,180,
Bacillus Cereus,979,180,
Bacillus Cereus,11,180,
Bacillus Cereus,8020,180,
Bacillus Cereus,800,180,
Bacillus Cereus,683,180,
Bacillus Cereus,417,180,
Bacillus Cereus,318,180,
Bacillus Cereus,432,180,
Bacillus Cereus,722,180,
Bacillus Cereus,822,180,
Bacillus Cereus,1246,180,
Bacillus Cereus,19168.02,180,
Bacillus Cereus,18919.09,180,
Bacillus Cereus,18670.15,180,
Bacillus Cereus,954.32,180,
Bacillus Cereus,941.93,180,
Bacillus Cereus,929.53,180,
Bacillus Cereus,520,180,
Bacillus Cereus,2551,180,
Bacillus Cereus,902,180,
Bacillus Cereus,1405,180,
Bacillus Cereus,2655,180,
Bacillus Cereus,21554,180,
Bacillus Cereus,2025,180,
Bacillus Cereus,1830,180,
Bacillus Cereus,1552,180,
Bacillus Cereus,1550,180,
Bacillus Cereus,1246,180,
Bacillus Cereus,1206,180,
Bacillus Cereus,880,180,
Bacillus Cereus,822,180,
Bacillus Cereus,802,180,
Bacillus Cereus,787,180,
Bacillus Cereus,727,180,
Bacillus Cereus,722,180,
Bacillus Cereus,489,180,
Bacillus Cereus,432,180,
Bacillus Cereus,80,180,
Bacillus Cereus,20,180,
Bacillus Cereus,787,180,
Bacillus Cereus,880,180,
Bacillus Cereus,802,180,
Bacillus Cereus,727,180,
Bacillus Cereus,1552,180,
Bacillus Cereus,800,180,
Bacillus Cereus,17375,180,
Bacillus Cereus,69,180,
Bacillus Cereus,865,180,
Bacillus Cereus,8,180,
Bacillus Cereus,17220,180,
Bacillus Cereus,11103,180,
Bacteroides Fragilis,633,180,
Bacteroides Fragilis,634,180,
Bacteroides Fragilis,635,180,
Bacteroides Fragilis,636,180,
Bacteroides Fragilis,637,180,
Saccharomyces cerevisiae,3176,600,
Saccharomyces cerevisiae,2642,600,
Saccharomyces cerevisiae,1403,600,
Enterococcus Faecium,686,600,
Enterococcus Faecium,409,180,
Enterococcus Faecium,454,180,
Enterococcus Faecium,5000,180,
Enterococcus Faecium,686,600,
Enterococcus Faecium,409,180,
Enterococcus Faecium,454,180,
Enterococcus Faecium,5000,180,
Enterococcus Faecium,686,600,
Enterococcus Faecium,409,180,
Enterococcus Faecium,454,180,
Enterococcus Faecium,5000,180,
Haemophilus Influenzae,16728,180,
Haemophilus Influenzae,45,180,
Haemophilus Influenzae,832,180,
Haemophilus Influenzae,86,180,
Candida Albicans,414.18,nan,
Hepatite E,28,180,
Hepatite E,1550,180,
Hepatite E,1351,180,
Hepatite E,880,180,
Hepatite E,802,180,
Hepatite E,727,180,
Hepatite E,224,180,
Hepatite E,317,180,
Hepatite E,329,180,
Hepatite E,477,180,
Hepatite E,922,180,
Hepatite D,28,180,
Hepatite D,1550,180,
Hepatite D,1351,180,
Hepatite D,880,180,
Hepatite D,802,180,
Hepatite D,727,180,
Hepatite D,224,180,
Hepatite D,317,180,
Hepatite D,329,180,
Hepatite D,477,180,
Hepatite D,922,180,
Influenza A,952,180,
Influenza A,741,180,
Influenza A,682,180,
Influenza A,320,180,
Influenza A,160,180,
Lactobacillus,17375,180,
Lactobacillus,69,180,
Lactobacillus,865,180,
Lactobacillus,8,180,
Mycobacterium Tuberculosis,20412.7,180,
Mycobacterium Tuberculosis,1016.29,180,
Mycobacterium Tuberculosis,21508.01,180,
Mycobacterium Tuberculosis,1070.82,180,
Balantidium coli,5000,600,
Neisseria Meningitidis,19715.68,180,
Neisseria Meningitidis,981.59,180,
Neisseria Meningitidis,16628,180,
Neisseria Meningitidis,88,180,
Neisseria Meningitidis,927,180,
Neisseria Meningitidis,90,180,
Hepatite A,28,180,
Hepatite A,1550,180,
Hepatite A,1351,180,
Hepatite A,880,180,
Hepatite A,802,180,
Hepatite A,727,180,
Hepatite A,224,180,
Hepatite A,317,180,
Hepatite A,329,180,
Hepatite A,477,180,
Hepatite A,922,180,
Proteus Vulgaris,434,180,
Proteus Vulgaris,594,180,
Proteus Vulgaris,776,180,
Proteus Vulgaris,16131.01,180,
Proteus Vulgaris,803.12,180,
Proteus Vulgaris,20562.06,180,
Proteus Vulgaris,16728.45,180,
Proteus Vulgaris,16330.16,180,
Proteus Vulgaris,1023.72,180,
Proteus Vulgaris,832.86,180,
Proteus Vulgaris,813.03,180,
Malassezia Furfur,222,180,
Malassezia Furfur,225,180,
Malassezia Furfur,491,180,
Malassezia Furfur,616,180,
Malassezia Furfur,700,180,
Pseudomonas Aeruginosa,523,180,
Pseudomonas Aeruginosa,557,180,
Pseudomonas Aeruginosa,478,180,
Pseudomonas Aeruginosa,776,180,
Pseudomonas Aeruginosa,660,180,
Pseudomonas Aeruginosa,727,180,
Pseudomonas Aeruginosa,778,180,
Pseudomonas Aeruginosa,787,180,
Pseudomonas Aeruginosa,802,180,
Pseudomonas Aeruginosa,880,180,
Pseudomonas Aeruginosa,727,180,
Pseudomonas Aeruginosa,787,180,
Pseudomonas Aeruginosa,880,180,
Pseudomonas Aeruginosa,174,180,
Pseudomonas Aeruginosa,482,180,
Pseudomonas Aeruginosa,5311,180,
Pseudomonas Aeruginosa,728,180,
Pseudomonas Aeruginosa,784,180,
Pseudomonas Aeruginosa,880,180,
Pseudomonas Aeruginosa,464,180,
Pseudomonas Aeruginosa,174,180,
Pseudomonas Aeruginosa,482,180,
Pseudomonas Aeruginosa,5311,180,
Pseudomonas Aeruginosa,174,180,
Pseudomonas Aeruginosa,482,180,
Pseudomonas Aeruginosa,785,180,
Pseudomonas Aeruginosa,1132,180,
Pseudomonas Aeruginosa,5311,180,
Pseudomonas Aeruginosa,3965,180,
Pseudomonas Aeruginosa,405,180,
Pseudomonas Aeruginosa,633,180,
Pseudomonas Aeruginosa,191,180,
Pseudomonas Aeruginosa,178,180,
Pseudomonas Aeruginosa,731,180,
Pseudomonas Aeruginosa,6646,180,
Pseudomonas Aeruginosa,178,180,
Pseudomonas Aeruginosa,739.8,180,
Pseudomonas Aeruginosa,2959.4,180,
Pseudomonas Aeruginosa,16579.09,180,
Pseudomonas Aeruginosa,825.42,180,
Salmonella Paratyphi B,1437,600,
Salmonella Paratyphi B,1504,600,
Micose oris candida,1644.18,nan,
Eurytrema Pancreático,5000,600,
Chlamydia trachomatis,1488,600,
Neisseria Meningitidis,19715.68,180,
Neisseria Meningitidis,981.59,180,
Neisseria Meningitidis,16628,180,
Neisseria Meningitidis,88,180,
Neisseria Meningitidis,927,180,
Neisseria Meningitidis,90,180,
Coxsackie B4,2900,180,
Coxsackie B4,864,180,
Coxsackie B4,790,180,
Coxsackie B4,690,180,
Coxsackie B4,610,180,
Coxsackie B4,470,180,
Coxsackie B4,484,180,
Coxsackie B4,986,180,
Coxsackie B4,644,180,
Coxsackie B4,254,180,
Coxsackie B4,10000,180,
Coxsackie B4,2720,180,
Coxsackie B4,2170,180,
Coxsackie B4,1800,180,
Coxsackie B4,1600,180,
Coxsackie B4,1500,180,
Coxsackie B4,880,180,
Coxsackie B4,787,180,
Coxsackie B4,776,180,
Coxsackie B4,727,180,
Coxsackie B4,20,180,
Coxsackie B4,152,180,
Coxsackie B4,242,180,
Coxsackie B4,642,180,
Coxsackie B4,674,180,
Coxsackie B4,922,180,
Coxsackie B4,353,180,
Coxsackie B4,384,180,
Coxsackie B4,834,180,
Coxsackie B4,587,180,
Coxsackie B4,723,180,
Coxsackie B4,18122.49,180,
Coxsackie B4,902.27,180,
Coxsackie B4,705,180,
Coxsackie B4,534,180,
Coxsackie B4,867,180,
Coxsackie B4,612,180,
Coxsackie B4,487,180,
Coxsackie B4,868,180,
Coxsackie B4,653,180,
Coxsackie B4,654,180,
Coxsackie B4,421,180,
Coxsackie B4,353,180,
Coxsackie B4,540,180,
Coxsackie B4,8632,180,
Coxsackie B4,18047,180,
Coxsackie B4,81,180,
Coxsackie B4,898,180,
Coxsackie B4,55,180,
Coxsackie B4,462,180,
Coxsackie B4,1043,180,
Coxsackie B4,1083,180,
Coxsackie B4,569,180,
Coxsackie B4,647,180,
Coxsackie B4,708,180,
Coxsackie B4,774,180,
Coxsackie B4,488,180,
Coxsackie B4,736,180,
Coxsackie B4,814,180,
Coxsackie B4,343,180,
Coxsackie B4,551,180,
Coxsackie B4,657,180,
Coxsackie B4,668,180,
Coxsackie B4,669,180,
Coxsackie B4,612,180,
Coxsackie B4,136,180,
Coxsackie B4,144,180,
Coxsackie B4,232,180,
Coxsackie B4,380,180,
Coxsackie B4,422,180,
Coxsackie B4,424,180,
Coxsackie B4,435,180,
Coxsackie B4,921,180,
Coxsackie B4,923,180,
Coxsackie B4,769,180,
Coxsackie B4,1189,180,
Coxsackie B4,595,180,
Coxsackie B4,676,180,
Coxsackie B4,5000,180,
Coxsackie B4,3636,180,
Coxsackie B4,2632,180,
Coxsackie B4,1850,180,
Coxsackie B4,1500,180,
Coxsackie B4,1488,180,
Coxsackie B4,1422,180,
Coxsackie B4,1189,180,
Coxsackie B4,1044,180,
Coxsackie B4,922,180,
Coxsackie B4,868,180,
Coxsackie B4,845,180,
Coxsackie B4,822,180,
Coxsackie B4,788,180,
Coxsackie B4,776,180,
Coxsackie B4,766,180,
Coxsackie B4,742,180,
Coxsackie B4,733,180,
Coxsackie B4,721,180,
Coxsackie B4,676,180,
Coxsackie B4,654,180,
Coxsackie B4,625,180,
Neisseria meningitidis,1305.6,nan,
Hiv,683,180,
Hiv,714,180,
Hiv,3554,180,
Dientamoeba Fragilis,5000,600,
Shigella flexneri,1539,600,
Shigella dysenteriae,1539,600,
Trichophyton cutaneum,752,180,
Trichophyton cutaneum,923,180,
Clostridium acetobutylicum,1519,600,
Clostridium acetobutylicum,1500,600,
Clostridium perfringens spores,1547,600,
Clostridium septicum,1422,600,
Clostridium sporogenes,5000,600,
Endolimax Nana,19715,180,
Endolimax Nana,68,180,
Endolimax Nana,981,180,
Endolimax Nana,59,180,
Endolimax Nana,21508,180,
Endolimax Nana,1,180,
Endolimax Nana,1070,180,
Endolimax Nana,82,180,
Enterococcus gallinarum,686,600,
Enterococcus gallinarum,409,180,
Enterococcus gallinarum,454,180,
Enterococcus gallinarum,5000,180,
Leishmania,787,180,
Leishmania,525,180,
Leishmania,781,180,
Leishmania,791,180,
Leishmania,20064.19,180,
Leishmania,998.94,180,
Leishmania,19914.83,180,
Leishmania,991.5,180,
Leishmania,20014.4,180,
Leishmania,996.46,180,
Leishmania,20163.76,180,
Leishmania,1003.89,180,
Taenia sp,187.18,nan,
Fascíola Hepática cercariae,1668,600,
Fascíola Hepática eggs,1660,600,
Fascíola Hepática metacercariae,1668,600,
Fascíola Hepática miracidia,1668,600,
Fasciolopsis buski,1695,600,
Fasciolopsis buskii eggs,1687,600,
Fasciolopsis buskii eggs,1687,600,
Fasciolopsis buskii eggs,1687,600,
Endolimax Nana,19715,180,
Endolimax Nana,68,180,
Endolimax Nana,981,180,
Endolimax Nana,59,180,
Endolimax Nana,21508,180,
Endolimax Nana,1,180,
Endolimax Nana,1070,180,
Endolimax Nana,82,180,
Taenia Sp.,187.18,nan,
Leishmania Sp.,787,180,
Leishmania Sp.,525,180,
Leishmania Sp.,781,180,
Leishmania Sp.,791,180,
Leishmania Sp.,20064.19,180,
Leishmania Sp.,998.94,180,
Leishmania Sp.,19914.83,180,
Leishmania Sp.,991.5,180,
Leishmania Sp.,20014.4,180,
Leishmania Sp.,996.46,180,
Leishmania Sp.,20163.76,180,
Leishmania Sp.,1003.89,180,
Epstein-Barr Virus,1484,600,
Epstein-Barr Virus,1465,600,
Herpes Simplex,1141,600,
Herpes Simplex,1350,600,
Herpes Simplex,1141,600,
Herpes Simplex,1350,600,
Dengue,464,180,
Dengue,440,180,
Dengue,3672,180,
Dengue,7766,180,
Dengue,7760,180,
Dengue,7344,180,
Dengue,1234,180,
Dengue,5000,180,
Dengue,727,180,
Dengue,787,180,
Dengue,800,180,
Dengue,875,180,
Dengue,880,180,
Dengue,885,180,
Dengue,728,180,
Dengue,1550,180,
Dengue,1500,180,
Dengue,2008,180,
Dengue,20,180,
Dengue,728,180,
Dengue,440,180,
Dengue,465,180,
Dengue,613,180,
Dengue,666,180,
Dengue,727,180,
Dengue,787,180,
Dengue,800,180,
Dengue,1000,180,
Dengue,5000,180,
Dengue,10000,180,
Chikungunya,5000,600,
Chikungunya,145,600,
Chikungunya,267,300,
Chikungunya,587,300,
Chikungunya,142,600,
Rotavirus,665,300,
Rotavirus,666,300,
Rotavirus,667,300,
Rotavirus,776,300,
Rotavirus,787,300,
Rotavirus,802,300,
Rotavirus,1550,300,
Rotavirus,832,300,
Rotavirus,840,300,
Rotavirus,880,300,
Rotavirus,1570,300,
Rotavirus,1998,300,
Rotavirus,2008,300,
Rotavirus,2052,300,
Rotavirus,2127.5,300,
Rotavirus,2489,300,
Rotavirus,2490,300,
Rotavirus,5000,300,
Norovirus,665,300,
Norovirus,666,300,
Norovirus,667,300,
Norovirus,776,300,
Norovirus,787,300,
Norovirus,802,300,
Norovirus,1550,300,
Norovirus,832,300,
Norovirus,840,300,
Norovirus,880,300,
Norovirus,1570,300,
Norovirus,1998,300,
Norovirus,2008,300,
Norovirus,2052,300,
Norovirus,2127.5,300,
Norovirus,2489,300,
Norovirus,2490,300,
Norovirus,5000,300,
Salmonella Enterica,1387,600,
Salmonella Enterica,1508,600,
Salmonella Enterica,1523,600,
Shigella Sonnei,1242,600,
Campylobacter Jejuni,1437,600,
Papillomavirus,45,180,
Papillomavirus,489,180,
Papillomavirus,874,180,
Papillomavirus,907,180,
Papillomavirus,16970,180,
Papillomavirus,265,180,
Papillomavirus,5657,180,
Papillomavirus,3203,180,
Papillomavirus,1011,180,
Papillomavirus,9258,180,
Papillomavirus,3083,180,
Papillomavirus,1051,180,
Papillomavirus,9609,180,
Papillomavirus,466,180,
Papillomavirus,110,180,
Papillomavirus,767,180,
Papillomavirus,404,180,
Ancylostoma Duodenale,5000,600,
Giardia Lamblia,5000,600,
Streptococcus Viridans,1242,600,
Human Papillomavirus (Hpv),45,180,
Human Papillomavirus (Hpv),489,180,
Human Papillomavirus (Hpv),874,180,
Human Papillomavirus (Hpv),907,180,
Human Papillomavirus (Hpv),16970,180,
Human Papillomavirus (Hpv),265,180,
Human Papillomavirus (Hpv),5657,180,
Human Papillomavirus (Hpv),3203,180,
Human Papillomavirus (Hpv),1011,180,
Human Papillomavirus (Hpv),9258,180,
Human Papillomavirus (Hpv),3083,180,
Human Papillomavirus (Hpv),1051,180,
Human Papillomavirus (Hpv),9609,180,
Human Papillomavirus (Hpv),466,180,
Human Papillomavirus (Hpv),110,180,
Human Papillomavirus (Hpv),767,180,
Human Papillomavirus (Hpv),404,180,
Mycoplasma Hominis,2900,180,
Mycoplasma Hominis,864,180,
Mycoplasma Hominis,790,180,
Mycoplasma Hominis,690,180,
Mycoplasma Hominis,610,180,
Mycoplasma Hominis,470,180,
Mycoplasma Hominis,484,180,
Mycoplasma Hominis,986,180,
Mycoplasma Hominis,644,180,
Mycoplasma Hominis,254,180,
Mycoplasma Hominis,250,180,
Mycoplasma Hominis,1.2,180,
Mycoplasma Hominis,650,180,
Mycoplasma Hominis,625,180,
Mycoplasma Hominis,600,180,
Mycoplasma Hominis,787,180,
Mycoplasma Hominis,727,180,
Mycoplasma Hominis,262,180,
Mycoplasma Hominis,776,180,
Mycoplasma Hominis,766,180,
Mycoplasma Hominis,10000,180,
Mycoplasma Hominis,5000,180,
Mycoplasma Hominis,2720,180,
Mycoplasma Hominis,1664,180,
Mycoplasma Hominis,1550,180,
Mycoplasma Hominis,1500,180,
Mycoplasma Hominis,962,180,
Mycoplasma Hominis,880,180,
Mycoplasma Hominis,802,180,
Mycoplasma Hominis,800,180,
Mycoplasma Hominis,787,180,
Mycoplasma Hominis,776,180,
Mycoplasma Hominis,766,180,
Mycoplasma Hominis,727,180,
Mycoplasma Hominis,688,180,
Mycoplasma Hominis,683,180,
Mycoplasma Hominis,650,180,
Mycoplasma Hominis,625,180,
Mycoplasma Hominis,600,180,
Mycoplasma Hominis,120,180,
Mycoplasma Hominis,20,180,
Mycoplasma Hominis,7344,180,
Mycoplasma Hominis,3702,180,
Mycoplasma Hominis,3672,180,
Mycoplasma Hominis,2720,180,
Mycoplasma Hominis,2170,180,
Mycoplasma Hominis,1800,180,
Mycoplasma Hominis,1600,180,
Mycoplasma Hominis,1500,180,
Mycoplasma Hominis,1283,180,
Mycoplasma Hominis,1234,180,
Mycoplasma Hominis,1233,180,
Mycoplasma Hominis,880,180,
Mycoplasma Hominis,787,180,
Mycoplasma Hominis,727,180,
Mycoplasma Hominis,522,180,
Mycoplasma Hominis,444,180,
Mycoplasma Hominis,146,180,
Mycoplasma Hominis,125,180,
Mycoplasma Hominis,95,180,
Mycoplasma Hominis,72,180,
Mycoplasma Hominis,20,180,
Mycoplasma Hominis,0,180,
Mycoplasma Hominis,5,180,
Mycoplasma Hominis,470,180,
Mycoplasma Hominis,693,180,
Mycoplasma Hominis,813,180,
Mycoplasma Hominis,1.1,180,
Mycoplasma Hominis,5000,180,
Mycoplasma Hominis,6000,180,
Mycoplasma Hominis,1131,180,
Mycoplasma Hominis,33,180,
Mycoplasma Hominis,2900,180,
Mycoplasma Hominis,878.2,180,
Mycoplasma Hominis,880.2,180,
Mycoplasma Hominis,864,180,
Mycoplasma Hominis,790,180,
Mycoplasma Hominis,706.7,180,
Mycoplasma Hominis,690,180,
Mycoplasma Hominis,610,180,
Mycoplasma Hominis,484,180,
Mycoplasma Hominis,986,180,
Mycoplasma Hominis,644,180,
Mycoplasma Hominis,254,180,
Mycoplasma Hominis,7344,180,
Mycoplasma Hominis,2950,180,
Mycoplasma Hominis,2842,180,
Mycoplasma Hominis,1147,180,
Mycoplasma Hominis,1113,180,
Mycoplasma Hominis,1067,180,
Mycoplasma Hominis,1062,180,
Mycoplasma Hominis,1045,180,
Mycoplasma Hominis,969.9,180,
Mycoplasma Hominis,880.2,180,
Mycoplasma Hominis,878.2,180,
Mycoplasma Hominis,865,180,
Mycoplasma Hominis,829.3,180,
Mycoplasma Hominis,800.4,180,
Mycoplasma Hominis,790,180,
Mycoplasma Hominis,783.6,180,
Clamydia Trachomatis,1488,600,
Bartonella Henselae,2900,180,
Bartonella Henselae,864,180,
Bartonella Henselae,790,180,
Bartonella Henselae,690,180,
Bartonella Henselae,610,180,
Bartonella Henselae,470,180,
Bartonella Henselae,484,180,
Bartonella Henselae,986,180,
Bartonella Henselae,644,180,
Bartonella Henselae,254,180,
Bartonella Henselae,364,180,
Bartonella Henselae,379,180,
Bartonella Henselae,645,180,
Bartonella Henselae,654,180,
Bartonella Henselae,786,180,
Bartonella Henselae,840,180,
Bartonella Henselae,842,180,
Bartonella Henselae,844,180,
Bartonella Henselae,846,180,
Bartonella Henselae,848,180,
Bartonella Henselae,850,180,
Bartonella Henselae,857,180,
Bartonella Henselae,967,180,
Bartonella Henselae,6878,180,
Bartonella Henselae,634,180,
Bartonella Henselae,696,180,
Bartonella Henselae,716,180,
Bartonella Henselae,1518,180,
Yersinia Enterocolitica,5120,180,
Yersinia Enterocolitica,5000,180,
Yersinia Enterocolitica,1600,180,
Yersinia Enterocolitica,512,180,
Yersinia Enterocolitica,508,180,
Yersinia Enterocolitica,504,180,
Yersinia Enterocolitica,500,180,
Yersinia Enterocolitica,496,180,
Yersinia Enterocolitica,492,180,
Yersinia Enterocolitica,338,180,
Yersinia Enterocolitica,333,180,
Yersinia Enterocolitica,210,180,
Yersinia Enterocolitica,216,180,
Yersinia Enterocolitica,160,180,
Fasciolopsis Buskii Eggs,1695,600,
Fasciolopsis Buskii Eggs,5000,600,
Streptococcus gallolyticus,1504,600,
Streptococcus gallolyticus,1242,600,
Streptococcus haemolyticus A,1242,600,