Nome,Frequências,Tempos
Adenovírus,"333.0,523.0,666.0,786.0,768.0,959.0,962.0,10000.0,7767.0,7762.0,7702.0,7009.0,7001.0,6989.0,5000.0,4868.0,2720.0,2050.0,1500.0,1395.0,1062.0,1060.0,1034.0,1009.0,969.0,968.0,962.0,959.0,960.0,952.0,951.0,942.0,880.0,1550.0,802.0,787.0,768.0,728.0,690.0,660.0,555.0,523.0,522.0,1865.0,444.0,333.0,300.0,180.0,160.0,125.0,95.0,72.0,60.0,48.0,26.0,20.0,28729.05,16628.88,18471.0,18670.15,19566.32,1407.93,827.9,919.62,929.53,974.15,7849.0,7847.0,1730.0,1722.0,1552.0,1550.0,1320.0,1244.0,1000.0,957.0,934.0,856.0,840.0,832.0,804.0,802.0,800.0,799.0,776.0,642.0,634.0,556.0,548.0,413.0,333.0,330.0,327.0,289.0,282.0,10000.0,7344.0,4412.0,3176.0,2489.0","180,180,180,180,180,180,180,180,180,180,180,180,180,180,180,180,180,180,180,180,180,180,180,180,180,180,180,180,180,180,180,180,180,180,180,180,180,180,180,180,180,180,180,180,180,180,180,180,180,180,180,180,180,180,180,180,180,180,180,180,180,180,180,180,180,180,180,180,180,180,180,180,180,180,180,180,180,180,180,180,180,180,180,180,180,180,180,180,180,180,180,180,180,180,180,180,180,180,180,180"
Ancilostoma Duodenale,"5000,","600,"
Ascaris Lumbricoides,"1594,","600,"
Candida Glabrata,"3176,2642,1403","600,600,600"
Candida glabrata,"3176,2642,1403","600,600,600"
Candida Krusei,"3176.0,2644.0,1403.0,1151.0,943.0,886.0,877.0,866.0,762.0,742.0,661.0,465.0,464.0,450.0,414.0,412.0,386.0,381.0,254.2,120.0,95.0,64.0,20.0,880.0,95.0,125.0,20.0,60.0,225.0,427.0,240.0,650.0,688.0,152.0,442.0,8146.0,751.0,1146.0,1403.0,675.0,709.0,10000.0,5000.0,3176.0,2489.0,1395.0,1276.0,1160.0,1044.0,928.0,877.0,812.0,728.0,696.0,580.0,465.0,464.0,381.0,348.0,232.0,116.0,58.0,20.0,1403.0,675.0,709.0,2167.0,2128.0,2182.0,465.0,20.0,60.0,95.0,125.0,225.0,427.0,464.0,727.0,19217.0,81.0,956.0,80.0,2167.0,2128.0,2182.0,465.0,72.0,422.0,582.0,727.0,787.0,802.0,1016.0,1134.0,1153.0,1550.0,2222.0,412.0,543.0,2128.0","180,180,180,180,180,180,180,180,180,180,180,180,180,180,180,180,180,180,180,180,180,180,180,180,180,180,180,180,180,180,180,180,180,180,180,180,180,180,180,180,180,180,180,180,180,180,180,180,180,180,180,180,180,180,180,180,180,180,180,180,180,180,180,180,180,180,180,180,180,180,180,180,180,180,180,180,180,180,180,180,180,180,180,180,180,180,180,180,180,180,180,180,180,180,180,180,180,180,180,180"
Clostridium Perfringens,"5000,","600,"
Cryptococcus neoformans,"367.0,428.0,444.0,476.0,478.0,522.0,579.0,594.0,785.0,792.0,872.0,2121.0,5880.0,5884.0,597.0,613.0,624.0","180,180,180,180,180,180,180,180,180,180,180,180,180,180,180,180,180"
Enterobius Vermicularis,"1652,","600,"
Escherichia coli,"7849.0,7847.0,1730.0,1722.0,1552.0,1550.0,1320.0,1244.0,1000.0,957.0,934.0,856.0,840.0,832.0,804.0,802.0,800.0,799.0,776.0,642.0,634.0,556.0,548.0,413.0,333.0,330.0,327.0,289.0,282.0","180,180,180,180,180,180,180,180,180,180,180,180,180,180,180,180,180,180,180,180,180,180,180,180,180,180,180,180,180"
Herpes simplex,"1141,1350","600,600"
Klebsiella pneumoniae,"7660.0,7344.0,5000.0,3702.0,3672.0,2688.0,1862.0,1550.0,1238.0,1234.0,1200.0,975.0,880.0,802.0,787.0,780.0,778.0,776.0,774.0,772.0,770.0,768.0,766.0,727.0,688.0,683.0,660.0,450.0,412.0,352.0,20.0,840.0,818.0,783.0,779.0,776.0,766.0,765.0,746.0,413.0,412.0,19964.0,61.0,20860.0,78.0,1038.0,60.0,993.0,98.0,217.0,220.0,221.0,686.0,1132.0,1644.0,2313.0,6516.0,729.0,748.0","180,180,180,180,180,180,180,180,180,180,180,180,180,180,180,180,180,180,180,180,180,180,180,180,180,180,180,180,180,180,180,180,180,180,180,180,180,180,180,180,180,180,180,180,180,180,180,180,180,180,180,180,180,180,180,180,180,180,180"
Giardia lamblia,"5000,","600,"
Leishmania mexicana,"787.0,525.0,781.0,791.0,20064.19,998.94,19914.83,991.5,20014.4,996.46,20163.76,1003.89","180,180,180,180,180,180,180,180,180,180,180,180"
Papilomavírus,"45,489,874,907,16970,265,5657,3203,1011,9258,3083,1051,9609,466,110,767,404","180,180,180,180,180,180,180,180,180,180,180,180,180,180,180,180,180"
Salmonella Typhimurium,"1387,1508,1523","600,600,600"
Shigella Sonnei - Peterling,"1242,","600,"
Vírus sincicial respiratório (VSR),"333.0,523.0,666.0,786.0,768.0,959.0,962.0,10000.0,7767.0,7762.0,7702.0,7009.0,7001.0,6989.0,5000.0,4868.0,2720.0,2050.0,1500.0,1395.0,1062.0,1060.0,1034.0,1009.0,969.0,968.0,962.0,959.0,960.0,952.0,951.0,942.0,880.0,1550.0,802.0,787.0,768.0,728.0,690.0,660.0,555.0,523.0,522.0,1865.0,444.0,333.0,300.0,180.0,160.0,125.0,95.0,72.0,60.0,48.0,26.0,20.0,28729.05,16628.88,18471.0,18670.15,19566.32,1407.93,827.9,919.62,929.53,974.15,2900.0,864.0,790.0,690.0,610.0,470.0,484.0,986.0,644.0,254.0,5000.0,3636.0,2632.0,1850.0,1500.0,1488.0,1422.0,1189.0,1044.0,922.0,868.0,845.0,822.0,788.0,776.0,766.0,742.0,733.0,721.0,676.0,654.0,625.0,620.0,607.0","180,180,180,180,180,180,180,180,180,180,180,180,180,180,180,180,180,180,180,180,180,180,180,180,180,180,180,180,180,180,180,180,180,180,180,180,180,180,180,180,180,180,180,180,180,180,180,180,180,180,180,180,180,180,180,180,180,180,180,180,180,180,180,180,180,180,180,180,180,180,180,180,180,180,180,180,180,180,180,180,180,180,180,180,180,180,180,180,180,180,180,180,180,180,180,180,180,180,180,180"
Staphylococcus Aureus,"424,727,786,943,1050","180,180,180,180,180"
Steroptococcus Agalactia B,"1504,","600,"
Sterptococcus Virudans,"563,611,727","180,180,180"
Streptococcus Lactis,"1504,","600,"
Streptococcus Mitis,"1242,","600,"
Streptococcus Pneumoniae,"1437,","600,"
Chikungunya Vírus,"5000,145,267,587,142","600,600,300,300,600"
Actinomyces Israelii,"2720.0,2489.0,1800.0,1600.0,1550.0,802.0,885.0,880.0,875.0,787.0,776.0,727.0,46.5,766.0","180,180,180,180,180,180,180,180,180,180,180,180,180,180"
Chikungunya,"5000,145,267,587,142","600,600,300,300,600"
Candida Parapsilosis,"3176.0,2644.0,1403.0,1151.0,943.0,886.0,877.0,866.0,762.0,742.0,661.0,465.0,464.0,450.0,414.0,412.0,386.0,381.0,254.2,120.0,95.0,64.0,20.0,880.0,95.0,125.0,20.0,60.0,225.0,427.0,240.0,650.0,688.0,152.0,442.0,8146.0,751.0,1146.0,1403.0,675.0,709.0,10000.0,5000.0,3176.0,2489.0,1395.0,1276.0,1160.0,1044.0,928.0,877.0,812.0,728.0,696.0,580.0,465.0,464.0,381.0,348.0,232.0,116.0,58.0,20.0,1403.0,675.0,709.0,2167.0,2128.0,2182.0,465.0,20.0,60.0,95.0,125.0,225.0,427.0,464.0,727.0,19217.0,81.0,956.0,80.0,2167.0,2128.0,2182.0,465.0,72.0,422.0,582.0,727.0,787.0,802.0,1016.0,1134.0,1153.0,1550.0,2222.0,412.0,543.0,2128.0","180,180,180,180,180,180,180,180,180,180,180,180,180,180,180,180,180,180,180,180,180,180,180,180,180,180,180,180,180,180,180,180,180,180,180,180,180,180,180,180,180,180,180,180,180,180,180,180,180,180,180,180,180,180,180,180,180,180,180,180,180,180,180,180,180,180,180,180,180,180,180,180,180,180,180,180,180,180,180,180,180,180,180,180,180,180,180,180,180,180,180,180,180,180,180,180,180,180,180,180"
Chlamydia Trachomatis,"1488,","600,"
Gardnerella Vaginalis,"1328.6,",
Clostridium Difficile,"1422,","600,"
Fasciola Hepatica Metacercariae,"1668,","600,"
Fasciola Hepatica Cercariae,"1668,","600,"
Fasciola Hepatica Miracidia,"1668,","600,"
Fasciola Hepatica Eggs,"1660,","600,"
Fasciolopsis Buskii Eggs Unincubated,"5000,","600,"
Hepatite C,"28,1550,1351,880,802,727,224,317,329,477,922","180,180,180,180,180,180,180,180,180,180,180"
Hepatite B,"28,1550,1351,880,802,727,224,317,329,477,922","180,180,180,180,180,180,180,180,180,180,180"
Entamoeba Coli,"5000,","600,"
Staphylococcus Haemolyticus,"424,727,786,943,1050","180,180,180,180,180"
Staphylococcus Epidermidis,"1242,","600,"
Clostridium Tetani,"5000,","600,"
Clostridium tetani,"5000,","600,"
Trichomonas Vaginalis,"1488,","600,"
Influenza,"16728.0,45.0,832.0,86.0,10000.0,880.0,727.0,330.0,728.0,768.0,574.0,207.0,254.0,580.0,582.0,584.0,586.0,588.0,848.0,947.0,7967.0,8910.0,739.0,741.0,760.0,765.0,773.0,915.0,337.0,690.0,868.0,869.0,702.0,727.0,729.0,776.0,779.0,440.0,465.0,613.0,666.0,727.0,787.0,800.0,1000.0,5000.0,10000.0,7344.0,3672.0,1234.0,880.0,743.0,727.0,683.0,464.0,452.0,333.0,72.0,200.0,93.9,2720.0,2489.0,1800.0,1600.0,1550.0,885.0,875.0,832.0,802.0,787.0,776.0,766.0,1500.0,832.0,787.0,650.0,625.0,600.0,465.0,144.0,582.0,8911.25,9113.5,9141.5,9393.13,6654.69,7255.0,7284.06,8041.5,10334.06,10346.56,10976.38,7414.28,7631.09,7632.66,7667.38,7676.94,8045.81,8082.59,8305.19","180,180,180,180,180,180,180,180,180,180,180,180,180,180,180,180,180,180,180,180,180,180,180,180,180,180,180,180,180,180,180,180,180,180,180,180,180,180,180,180,180,180,180,180,180,180,180,180,180,180,180,180,180,180,180,180,180,180,180,180,180,180,180,180,180,180,180,180,180,180,180,180,180,180,180,180,180,180,180,180,180,180,180,180,180,180,180,180,180,180,180,180,180,180,180,180,180,180,180,180"
Mycoplasma genitalium,"2900.0,864.0,790.0,690.0,610.0,470.0,484.0,986.0,644.0,254.0,250.0,1.2,650.0,625.0,600.0,787.0,727.0,262.0,776.0,766.0,10000.0,5000.0,2720.0,1664.0,1550.0,1500.0,962.0,880.0,802.0,800.0,787.0,776.0,766.0,727.0,688.0,683.0,650.0,625.0,600.0,120.0,20.0,7344.0,3702.0,3672.0,2720.0,2170.0,1800.0,1600.0,1500.0,1283.0,1234.0,1233.0,880.0,787.0,727.0,522.0,444.0,146.0,125.0,95.0,72.0,20.0,0.0,5.0,470.0,693.0,813.0,1.1,5000.0,6000.0,1131.0,33.0,2900.0,878.2,880.2,864.0,790.0,706.7,690.0,610.0,484.0,986.0,644.0,254.0,7344.0,2950.0,2842.0,1147.0,1113.0,1067.0,1062.0,1045.0,969.9,880.2,878.2,865.0,829.3,800.4,790.0,783.6","180,180,180,180,180,180,180,180,180,180,180,180,180,180,180,180,180,180,180,180,180,180,180,180,180,180,180,180,180,180,180,180,180,180,180,180,180,180,180,180,180,180,180,180,180,180,180,180,180,180,180,180,180,180,180,180,180,180,180,180,180,180,180,180,180,180,180,180,180,180,180,180,180,180,180,180,180,180,180,180,180,180,180,180,180,180,180,180,180,180,180,180,180,180,180,180,180,180,180,180"
Candida Tropicalis,"414.18,",
Proteus mirabilis,"434.0,594.0,776.0,16131.01,803.12,20562.06,16728.45,16330.16,1023.72,832.86,813.03","180,180,180,180,180,180,180,180,180,180,180"
Staphylococcus saprophyticus,"2720.0,2170.0,1865.0,1550.0,880.0,802.0,787.0,727.0,500.0,444.0,190.0,1550.0,1000.0,880.0,802.0,787.0,784.0,770.0,728.0,727.0,660.0,465.0,200.0,116.0,20.0,8697.0,7270.0,1050.0,999.0,943.0,824.4,787.0,784.0,745.0,738.0,728.0,727.0,647.0,644.0,555.0,478.0,424.0,18819.51,936.97,18968.87,944.4,643.0,40887.0,9646.0,8697.0,7270.0,7160.0,2600.0,2431.0,1902.0,1109.0,1089.0,1060.0,1050.0,1010.0,999.0,985.0,960.0,958.0,943.0,934.0,884.0,882.0,880.0,878.0,876.0,824.4,787.0,786.0,784.0,745.0,738.0,728.0,727.0,718.0,686.0,678.0,674.0,647.0,644.0,643.0,639.0,634.0,576.0,563.0,555.0,550.0,542.0,478.0,453.0,436.0,424.0,423.0,411.0,333.0","180,180,180,180,180,180,180,180,180,180,180,180,180,180,180,180,180,180,180,180,180,180,180,180,180,180,180,180,180,180,180,180,180,180,180,180,180,180,180,180,180,180,180,180,180,180,180,180,180,180,180,180,180,180,180,180,180,180,180,180,180,180,180,180,180,180,180,180,180,180,180,180,180,180,180,180,180,180,180,180,180,180,180,180,180,180,180,180,180,180,180,180,180,180,180,180,180,180,180,180"
Candida Guilliermondii,"3176.0,2644.0,1403.0,1151.0,943.0,886.0,877.0,866.0,762.0,742.0,661.0,465.0,464.0,450.0,414.0,412.0,386.0,381.0,254.2,120.0,95.0,64.0,20.0,880.0,95.0,125.0,20.0,60.0,225.0,427.0,240.0,650.0,688.0,152.0,442.0,8146.0,751.0,1146.0,1403.0,675.0,709.0,10000.0,5000.0,3176.0,2489.0,1395.0,1276.0,1160.0,1044.0,928.0,877.0,812.0,728.0,696.0,580.0,465.0,464.0,381.0,348.0,232.0,116.0,58.0,20.0,1403.0,675.0,709.0,2167.0,2128.0,2182.0,465.0,20.0,60.0,95.0,125.0,225.0,427.0,464.0,727.0,19217.0,81.0,956.0,80.0,2167.0,2128.0,2182.0,465.0,72.0,422.0,582.0,727.0,787.0,802.0,1016.0,1134.0,1153.0,1550.0,2222.0,412.0,543.0,2128.0","180,180,180,180,180,180,180,180,180,180,180,180,180,180,180,180,180,180,180,180,180,180,180,180,180,180,180,180,180,180,180,180,180,180,180,180,180,180,180,180,180,180,180,180,180,180,180,180,180,180,180,180,180,180,180,180,180,180,180,180,180,180,180,180,180,180,180,180,180,180,180,180,180,180,180,180,180,180,180,180,180,180,180,180,180,180,180,180,180,180,180,180,180,180,180,180,180,180,180,180"
Trichuris trichiura,"20213.0,55.0,1006.0,37.0","180,180,180,180"
Herpes Simplex Vírus 2,"1141,1350","600,600"
Vírus Echo‑9,"333.0,523.0,666.0,786.0,768.0,959.0,962.0,10000.0,7767.0,7762.0,7702.0,7009.0,7001.0,6989.0,5000.0,4868.0,2720.0,2050.0,1500.0,1395.0,1062.0,1060.0,1034.0,1009.0,969.0,968.0,962.0,959.0,960.0,952.0,951.0,942.0,880.0,1550.0,802.0,787.0,768.0,728.0,690.0,660.0,555.0,523.0,522.0,1865.0,444.0,333.0,300.0,180.0,160.0,125.0,95.0,72.0,60.0,48.0,26.0,20.0,28729.05,16628.88,18471.0,18670.15,19566.32,1407.93,827.9,919.62,929.53,974.15,2900.0,864.0,790.0,690.0,610.0,470.0,484.0,986.0,644.0,254.0,5000.0,3636.0,2632.0,1850.0,1500.0,1488.0,1422.0,1189.0,1044.0,922.0,868.0,845.0,822.0,788.0,776.0,766.0,742.0,733.0,721.0,676.0,654.0,625.0,620.0,607.0","180,180,180,180,180,180,180,180,180,180,180,180,180,180,180,180,180,180,180,180,180,180,180,180,180,180,180,180,180,180,180,180,180,180,180,180,180,180,180,180,180,180,180,180,180,180,180,180,180,180,180,180,180,180,180,180,180,180,180,180,180,180,180,180,180,180,180,180,180,180,180,180,180,180,180,180,180,180,180,180,180,180,180,180,180,180,180,180,180,180,180,180,180,180,180,180,180,180,180,180"
Dengue Vírus 1–4,"464,440,3672,7766,7760,7344,1234,5000,727,787","180,180,180,180,180,180,180,180,180,180"
Dengue,"464,440,3672,7766,7760,7344,1234,5000,727,787,800,875,880,885,728,1550,1500,2008,20,728,440,465,613,666,727,787,800,1000,5000,10000","180,180,180,180,180,180,180,180,180,180,180,180,180,180,180,180,180,180,180,180,180,180,180,180,180,180,180,180,180,180"
Fasciolopsis Buski,"1695,","600,"
Neisseria Gonorrhoeae,"1305.6,",
Eurytrema Pancreatico,"1644,","600,"
Eurytrema Pancreaticum,"1644,","600,"
Rhizopus spp.,"552.0,1522.0,132.0,327.0,775.0,659.0,660.0","180,180,180,180,180,180,180"
Tricomoníase,"610.0,692.0,980.0","180,180,180"
Candida Albicans,"414.18,",
Rotavírus,"665,666,667,776,787,802,1550,832,840,880,1570,1998,2008,2052,2127.5,2489,2490,5000","300,300,300,300,300,300,300,300,300,300,300,300,300,300,300,300,300,300"
Coronavirus,"665,666,667,776,787,802,1550,832,840,880,1570,1998,2008,2052,2127.5,2489,2490,5000","300,300,300,300,300,300,300,300,300,300,300,300,300,300,300,300,300,300"
Trypanosoma Cruzi,"1808,","600,"
Trichinella Spiralis,"1580,","600,"
Fusarium spp.,"102.0,332.0,705.0,795.0,780.0,768.0,625.0,746.0","180,180,180,180,180,180,180,180"
Brucella Abortus,"748.0,643.0,695.0,1423.0","180,180,180,180"
Streptococcus Pyogenes (Gas),"1437,","600,"
Trichophyton Rubrum,"752,923","180,180"
Enterococcus Faecalis,"686,409,454,5000","600,180,180,180"
Histoplasma Capsulatum,"1180,","600,"
Leishmania Braziliensis,"1574,","600,"
Aspergillus niger,"374697.0,","180,"
Toxoplasma gondii,"19665.89,979.11","180,180"
Leishmania Amazonensis,"1574,","600,"
Paragonimus westermani,"22503.75,1120.4,22254.82,1108.0","180,180,180,180"
Clostridium Botulinum,"1414,","600,"
Clostridium botulinum,"1414,","600,"
Plasmodium Falciparum,"1457,","600,"
Fasciola Hepatica,"1660,","600,"
Candida Dubliniensis,"414.18,",
Clonorchis Sinensis,"1668,","600,"
Treponema pallidum,"660.0,902.0,17276.11,860.13","180,180,180,180"
Penicillium spp.,"552.0,1522.0,129.0,249.0,344.0,967.0,345.0,688.0,868.0,1070.0,2411.0,728.0,764.0,765.0,334.0,629.0,321.0,550.0,555.0,556.0,558.0,560.0,562.0,566.0,572.0,644.0,825.0,922.0,942.0,4870.0,7780.0,412.0,715.0,332.0,457.0,460.0,462.0,766.0,1015.0,1018.0","180,180,180,180,180,180,180,180,180,180,180,180,180,180,180,180,180,180,180,180,180,180,180,180,180,180,180,180,180,180,180,180,180,180,180,180,180,180,180,180"
Entamoeba Histolytica,"1504,","600,"
Cryptosporidium parvum,"220.0,482.0,575.0,4122.0,698.0,711.0,893.0,895.0,1276.0,5690.0","180,180,180,180,180,180,180,180,180,180"
Mucor spp.,"612.0,1000.0,488.0,766.0,9788.0,735.0,361.0,578.0,785.0,877.0,310.0,474.0,875.0,473.0,686.0,871.0,873.0,876.0,878.0,887.0,7768.0,7976.0,8788.0,713.0,729.0,731.0,751.0,760.0,778.0,1200.0,942.0,623.0,733.0","180,180,180,180,180,180,180,180,180,180,180,180,180,180,180,180,180,180,180,180,180,180,180,180,180,180,180,180,180,180,180,180,180"
Zika Vírus,"727,5000,213,516","600,600,600,600"
Schistosoma Haematobium,"1379,","600,"
Aspergillus fumigatus,"1823.0,247.0,1972.0,524758.0,374697.0,743339.0,1972.0,1823.0,758.0,743.0,697.0,524.0,374.0,339.0,247.0,552.0,1522.0","180,180,180,180,180,180,180,180,180,180,180,180,180,180,180,180,180"
Schistosoma Mansoni,"329,9889","180,180"
Norovírus,"665,666,667,776,787,802,1550,832,840,880,1570,1998,2008,2052,2127.5,2489,2490,5000","300,300,300,300,300,300,300,300,300,300,300,300,300,300,300,300,300,300"
Leishmania Guyanensis,"1574,","600,"
Herpes Simplex Vírus 1,"1141,1350","600,600"
Ascaris Larvae,"152,442,8146,751,1146,797","180,180,180,180,180,180"
Bactéria Lactis Aerogenes,"488.0,565.0,672.0,674.0,678.0,773.0,766.0,768.0,776.0,777.0,778.0,822.0,885.0,887.0,7877.0,9687.0,42664.0,42666.0,46668.0,46787.0,23.0,222.0,262.0,2154.0,465.0,488.0,567.0,7880.0,10000.0,787.0,747.0,727.0,20.0,660.0,690.0,160.0,73.0,1.1,10000.0,2720.0,2170.0,1800.0,1600.0,1500.0,880.0,787.0,776.0,727.0,20.0,250.0,1.2,650.0,625.0,600.0,787.0,727.0,262.0,776.0,766.0,548.0,244.0,1466.0,597.0,1311.0,512.0,526.0,798.0,951.0,5412.0,20786.1,17923.34,1034.88,892.35,430.0,620.0,624.0,840.0,1111.4,2213.0,866.0,555.7,2222.8,1035.0,968.0,961.0,851.0,844.0,843.0,691.0,591.0,556.0,330.0,10000.0,1000.0,925.0,800.0,788.0,776.0,624.0,590.0","180,180,180,180,180,180,180,180,180,180,180,180,180,180,180,180,180,180,180,180,180,180,180,180,180,180,180,180,180,180,180,180,180,180,180,180,180,180,180,180,180,180,180,180,180,180,180,180,180,180,180,180,180,180,180,180,180,180,180,180,180,180,180,180,180,180,180,180,180,180,180,180,180,180,180,180,180,180,180,180,180,180,180,180,180,180,180,180,180,180,180,180,180,180,180,180,180,180,180,180"
Candida Saccharomyces,"3176.0,2644.0,1403.0,1151.0,943.0,886.0,877.0,866.0,762.0,742.0,661.0,465.0,464.0,450.0,414.0,412.0,386.0,381.0,254.2,120.0,95.0,64.0,20.0,880.0,95.0,125.0,20.0,60.0,225.0,427.0,240.0,650.0,688.0,152.0,442.0,8146.0,751.0,1146.0,1403.0,675.0,709.0,10000.0,5000.0,3176.0,2489.0,1395.0,1276.0,1160.0,1044.0,928.0,877.0,812.0,728.0,696.0,580.0,465.0,464.0,381.0,348.0,232.0,116.0,58.0,20.0,1403.0,675.0,709.0,2167.0,2128.0,2182.0,465.0,20.0,60.0,95.0,125.0,225.0,427.0,464.0,727.0,19217.0,81.0,956.0,80.0,2167.0,2128.0,2182.0,465.0,72.0,422.0,582.0,727.0,787.0,802.0,1016.0,1134.0,1153.0,1550.0,2222.0,412.0,543.0,2128.0","180,180,180,180,180,180,180,180,180,180,180,180,180,180,180,180,180,180,180,180,180,180,180,180,180,180,180,180,180,180,180,180,180,180,180,180,180,180,180,180,180,180,180,180,180,180,180,180,180,180,180,180,180,180,180,180,180,180,180,180,180,180,180,180,180,180,180,180,180,180,180,180,180,180,180,180,180,180,180,180,180,180,180,180,180,180,180,180,180,180,180,180,180,180,180,180,180,180,180,180"
Epidermophyton Floccosum,"20,787,5000,766,802,9999","727,880,644,464,1552,3176"
Fasciolopsis Buski Eggs,"1695,","600,"
Helicobacter Pylori,"676,704.9,694.7,#,2167,728,880,2950,#,694.7,2778.8,704.9,2819.4","180,180,180,1,180,180,180,180,exp,180,180,180,180"
Lactobacillus Acidophilus,"17375.0,69.0,865.0,8.0","180,180,180,180"
Mycobacterium Phlei,"20412.7,1016.29,21508.01,1070.82","180,180,180,180"
Microsporum Canis,"1644.18,",
Reovírus,"665,666,667,776,787,802,1550,832,840,880,1570,1998,2008,2052,2127.5,2489,2490,5000","300,300,300,300,300,300,300,300,300,300,300,300,300,300,300,300,300,300"
Rinovírus,"952.0,741.0,682.0,320.0,160.0","180,180,180,180,180"
Scopulariopsis Brevic,"1687,","600,"
Staphylococcus Albus,"424,727,786,943,1050","180,180,180,180,180"
Tinea Capitis,"20.0,379.0,727.0,787.0,880.0,5000.0,644.0,766.0,464.0,802.0,1552.0,9999.0,752.0,923.0,3176.0,304.0","180,180,180,180,180,180,180,180,180,180,180,180,180,180,180,180"
Tricophyton Mentagrophyte,"311.18,",
Strongyloides Stercoralis,"380,698,752,776,722,738,746,1113","180,180,180,180,180,180,180,180"
Echovírus 9,"2900.0,864.0,790.0,690.0,610.0,470.0,484.0,986.0,644.0,254.0,922.0,788.0,765.0,722.0,625.0,620.0,614.0,613.0,612.0,611.0,610.0,609.0,608.0,607.0,606.0,605.0,604.0,603.0,514.0,461.0","180,180,180,180,180,180,180,180,180,180,180,180,180,180,180,180,180,180,180,180,180,180,180,180,180,180,180,180,180,180"
Parainfluenza,"952.0,741.0,682.0,320.0,160.0","180,180,180,180,180"
Ameba Meleagridis,"344.0,605.0,510.0,943.0,310.0,333.0,532.0,732.0,769.0,827.0,1522.0,19367.17,964.23,21209.29,1055.95","180,180,180,180,180,180,180,180,180,180,180,180,180,180,180"
Bartonella Quintana,"2900.0,864.0,790.0,690.0,610.0,470.0,484.0,986.0,644.0,254.0,364.0,379.0,645.0,654.0,786.0,840.0,842.0,844.0,846.0,848.0,850.0,857.0,967.0,6878.0,634.0,696.0,716.0,1518.0","180,180,180,180,180,180,180,180,180,180,180,180,180,180,180,180,180,180,180,180,180,180,180,180,180,180,180,180"
Bacillus Cereus,"488.0,565.0,672.0,674.0,678.0,773.0,766.0,768.0,776.0,777.0,778.0,822.0,885.0,887.0,7877.0,9687.0,42664.0,42666.0,46668.0,46787.0,4000.0,16655.0,1370.0,1365.0,930.0,900.0,768.0,633.0,500.0,420.0,414.0,400.0,273.0,224.0,129.0,19665.0,89.0,18122.0,49.0,18321.0,64.0,19317.0,38.0,961.0,76.0,912.0,18.0,902.0,27.0,979.0,11.0,8020.0,800.0,683.0,417.0,318.0,432.0,722.0,822.0,1246.0,19168.02,18919.09,18670.15,954.32,941.93,929.53,520.0,2551.0,902.0,1405.0,2655.0,21554.0,2025.0,1830.0,1552.0,1550.0,1246.0,1206.0,880.0,822.0,802.0,787.0,727.0,722.0,489.0,432.0,80.0,20.0,787.0,880.0,802.0,727.0,1552.0,800.0,17375.0,69.0,865.0,8.0,17220.0,11103.0","180,180,180,180,180,180,180,180,180,180,180,180,180,180,180,180,180,180,180,180,180,180,180,180,180,180,180,180,180,180,180,180,180,180,180,180,180,180,180,180,180,180,180,180,180,180,180,180,180,180,180,180,180,180,180,180,180,180,180,180,180,180,180,180,180,180,180,180,180,180,180,180,180,180,180,180,180,180,180,180,180,180,180,180,180,180,180,180,180,180,180,180,180,180,180,180,180,180,180,180"
Bacteroides Fragilis,"633.0,634.0,635.0,636.0,637.0","180,180,180,180,180"
Candida Robusta,"3176,2642,1403","600,600,600"
Enterococcum Faecium,"686,409,454,5000","600,180,180,180"
Enterococcus Faecium,"686,409,454,5000","600,180,180,180"
O Enterococcum Faecium,"686,409,454,5000","600,180,180,180"
Haemophilus Influenzae,"16728.0,45.0,832.0,86.0","180,180,180,180"
Candida albicans,"414.18,",
Hepatite E,"28,1550,1351,880,802,727,224,317,329,477,922","180,180,180,180,180,180,180,180,180,180,180"
Hepatite D,"28,1550,1351,880,802,727,224,317,329,477,922","180,180,180,180,180,180,180,180,180,180,180"
Influenza A,"952.0,741.0,682.0,320.0,160.0","180,180,180,180,180"
Lactobacillus,"17375.0,69.0,865.0,8.0","180,180,180,180"
Mycobacterium Tuberculosis,"20412.7,1016.29,21508.01,1070.82","180,180,180,180"
Balantidium Coli,"5000,","600,"
Neisseria Meningitidis,"19715.68,981.59,16628.0,88.0,927.0,90.0","180,180,180,180,180,180"
Hepatite A,"28,1550,1351,880,802,727,224,317,329,477,922","180,180,180,180,180,180,180,180,180,180,180"
Proteus Vulgaris,"434.0,594.0,776.0,16131.01,803.12,20562.06,16728.45,16330.16,1023.72,832.86,813.03","180,180,180,180,180,180,180,180,180,180,180"
Malassezia Furfur,"222,225,491,616,700","180,180,180,180,180"
Pseudomonas Aeruginosa,"523.0,557.0,478.0,776.0,660.0,727.0,778.0,787.0,802.0,880.0,727.0,787.0,880.0,174.0,482.0,5311.0,728.0,784.0,880.0,464.0,174.0,482.0,5311.0,174.0,482.0,785.0,1132.0,5311.0,3965.0,405.0,633.0,191.0,178.0,731.0,6646.0,178.0,739.8,2959.4,16579.09,825.42","180,180,180,180,180,180,180,180,180,180,180,180,180,180,180,180,180,180,180,180,180,180,180,180,180,180,180,180,180,180,180,180,180,180,180,180,180,180,180,180"
Salmonella Paratyphi B,"1437,1504","600,600"
Micose Oris Candida,"1644.18,",
Eurytrema Pancreaticum Stages,"5000,","600,"
Chlamydia trachomatis,"1488,","600,"
Neisseria meningitidis,"19715.68,981.59,16628.0,88.0,927.0,90.0","180,180,180,180,180,180"
Coxsackie B4,"2900.0,864.0,790.0,690.0,610.0,470.0,484.0,986.0,644.0,254.0,10000.0,2720.0,2170.0,1800.0,1600.0,1500.0,880.0,787.0,776.0,727.0,20.0,152.0,242.0,642.0,674.0,922.0,353.0,384.0,834.0,587.0,723.0,18122.49,902.27,705.0,534.0,867.0,612.0,487.0,868.0,653.0,654.0,421.0,353.0,540.0,8632.0,18047.0,81.0,898.0,55.0,462.0,1043.0,1083.0,569.0,647.0,708.0,774.0,488.0,736.0,814.0,343.0,551.0,657.0,668.0,669.0,612.0,136.0,144.0,232.0,380.0,422.0,424.0,435.0,921.0,923.0,769.0,1189.0,595.0,676.0,5000.0,3636.0,2632.0,1850.0,1500.0,1488.0,1422.0,1189.0,1044.0,922.0,868.0,845.0,822.0,788.0,776.0,766.0,742.0,733.0,721.0,676.0,654.0,625.0","180,180,180,180,180,180,180,180,180,180,180,180,180,180,180,180,180,180,180,180,180,180,180,180,180,180,180,180,180,180,180,180,180,180,180,180,180,180,180,180,180,180,180,180,180,180,180,180,180,180,180,180,180,180,180,180,180,180,180,180,180,180,180,180,180,180,180,180,180,180,180,180,180,180,180,180,180,180,180,180,180,180,180,180,180,180,180,180,180,180,180,180,180,180,180,180,180,180,180,180"
Neisseria Meningococcal,"1305.6,",
Hiv,"683,714,3554","180,180,180"
Dientamoeba Fragilis,"5000,","600,"
Shigella Flexneri,"1539,","600,"
Shigella Dysenteriae,"1539,","600,"
Trichophyton Cutaneum,"752,923","180,180"
Clostridium Acetobutylicum,"1519,1500","600,600"
Clostridium Perfringens Spores,"1547,","600,"
Clostridium Septicum,"1422,","600,"
Clostridium Sporogenes,"5000,","600,"
Endolimax nana,"19715.0,68.0,981.0,59.0,21508.0,1.0,1070.0,82.0","180,180,180,180,180,180,180,180"
Enterococcus Gallinarum,"686,409,454,5000","600,180,180,180"
Leishmania,"787.0,525.0,781.0,791.0,20064.19,998.94,19914.83,991.5,20014.4,996.46,20163.76,1003.89","180,180,180,180,180,180,180,180,180,180,180,180"
Taenia Sp,"187.18,",
Fascíola Hepática Cercariae,"1668,","600,"
Fascíola Hepática Eggs,"1660,","600,"
Fascíola Hepática Metacercariae,"1668,","600,"
Fascíola HepáticaMiracidia,"1668,","600,"
Fasciolopsis Buskii Adult,"1695,","600,"
Fasciolopsis Cercariae,"1687,","600,"
Fasciolopsis Miracidia,"1687,","600,"
Fasciolopsis Rediae,"1687,","600,"
Endolimax Nana,"19715.0,68.0,981.0,59.0,21508.0,1.0,1070.0,82.0","180,180,180,180,180,180,180,180"
Taenia Sp.,"187.18,",
Leishmania Sp.,"787.0,525.0,781.0,791.0,20064.19,998.94,19914.83,991.5,20014.4,996.46,20163.76,1003.89","180,180,180,180,180,180,180,180,180,180,180,180"
Epstein-Barr Virus,"1484,1465","600,600"
Herpes Simplex Virus,"1141,1350","600,600"
Herpes Simples,"1141,1350","600,600"
Dengue Virus,"464,440,3672,7766,7760,7344,1234,5000,727,787,800,875,880,885,728,1550,1500,2008,20,728,440,465,613,666,727,787,800,1000,5000,10000","180,180,180,180,180,180,180,180,180,180,180,180,180,180,180,180,180,180,180,180,180,180,180,180,180,180,180,180,180,180"
Chikungunya Virus,"5000,145,267,587,142","600,600,300,300,600"
Rotavirus,"665,666,667,776,787,802,1550,832,840,880,1570,1998,2008,2052,2127.5,2489,2490,5000","300,300,300,300,300,300,300,300,300,300,300,300,300,300,300,300,300,300"
Norovirus,"665,666,667,776,787,802,1550,832,840,880,1570,1998,2008,2052,2127.5,2489,2490,5000","300,300,300,300,300,300,300,300,300,300,300,300,300,300,300,300,300,300"
Salmonella Enterica,"1387,1508,1523","600,600,600"
Shigella Sonnei,"1242,","600,"
Campylobacter Jejuni,"1437,","600,"
 Papillomavirus ,"45,489,874,907,16970,265,5657,3203,1011,9258,3083,1051,9609,466,110,767,404","180,180,180,180,180,180,180,180,180,180,180,180,180,180,180,180,180"
Ancylostoma Duodenale,"5000,","600,"
Giardia Lamblia,"5000,","600,"
Streptococcus Viridans,"1242,","600,"
Human Papillomavirus (Hpv),"45,489,874,907,16970,265,5657,3203,1011,9258,3083,1051,9609,466,110,767,404","180,180,180,180,180,180,180,180,180,180,180,180,180,180,180,180,180"
Mycoplasma Hominis,"2900.0,864.0,790.0,690.0,610.0,470.0,484.0,986.0,644.0,254.0,250.0,1.2,650.0,625.0,600.0,787.0,727.0,262.0,776.0,766.0,10000.0,5000.0,2720.0,1664.0,1550.0,1500.0,962.0,880.0,802.0,800.0,787.0,776.0,766.0,727.0,688.0,683.0,650.0,625.0,600.0,120.0,20.0,7344.0,3702.0,3672.0,2720.0,2170.0,1800.0,1600.0,1500.0,1283.0,1234.0,1233.0,880.0,787.0,727.0,522.0,444.0,146.0,125.0,95.0,72.0,20.0,0.0,5.0,470.0,693.0,813.0,1.1,5000.0,6000.0,1131.0,33.0,2900.0,878.2,880.2,864.0,790.0,706.7,690.0,610.0,484.0,986.0,644.0,254.0,7344.0,2950.0,2842.0,1147.0,1113.0,1067.0,1062.0,1045.0,969.9,880.2,878.2,865.0,829.3,800.4,790.0,783.6","180,180,180,180,180,180,180,180,180,180,180,180,180,180,180,180,180,180,180,180,180,180,180,180,180,180,180,180,180,180,180,180,180,180,180,180,180,180,180,180,180,180,180,180,180,180,180,180,180,180,180,180,180,180,180,180,180,180,180,180,180,180,180,180,180,180,180,180,180,180,180,180,180,180,180,180,180,180,180,180,180,180,180,180,180,180,180,180,180,180,180,180,180,180,180,180,180,180,180,180"
Clamydia Trachomatis,"1488,","600,"
Bartonella Henselae,"2900.0,864.0,790.0,690.0,610.0,470.0,484.0,986.0,644.0,254.0,364.0,379.0,645.0,654.0,786.0,840.0,842.0,844.0,846.0,848.0,850.0,857.0,967.0,6878.0,634.0,696.0,716.0,1518.0","180,180,180,180,180,180,180,180,180,180,180,180,180,180,180,180,180,180,180,180,180,180,180,180,180,180,180,180"
Yersinia Enterocolitica,"5120.0,5000.0,1600.0,512.0,508.0,504.0,500.0,496.0,492.0,338.0,333.0,210.0,216.0,160.0","180,180,180,180,180,180,180,180,180,180,180,180,180,180"
Fasciolopsis Buskii Eggs,"1695,","600,"
Fasciolopsis buskii eggs unincubated,"5000,","600,"
Streptococcus Gallolyticus,"1504,","600,"
Streptococcus Bovis,"1242,","600,"
Streptococcus Haemolyticus A,"1242,","600,"
